artist,title,total streams
Ed Sheeran,Shape of You,10640249
Camila Cabello,Havana,7444393
Ed Sheeran,Perfect,6557326
Billie Eilish,bad guy,5961348
Post Malone,rockstar,5600858
Dua Lipa,New Rules,5396277
Luis Fonsi,Despacito,4976033
The Chainsmokers & Coldplay,Something Just Like This,4956767
"Calvin Harris, Dua Lipa",One Kiss,4740838
Lady Gaga & Bradley Cooper,Shallow,4725794
Post Malone & Swae Lee,Sunflower,4677913
Imagine Dragons,Thunder,4528873
"Cardi B, Bad Bunny & J Balvin",I Like It,4520478
Shawn Mendes & Camila Cabello,Señorita,4451177
Marshmello & Bastille,Happier,4361736
Drake,God's Plan,4274784
Ariana Grande,"thank u, next",4273715
Charlie Puth,Attention,4092896
Imagine Dragons,Believer,3931130
Lil Nas X,Old Town Road,3911380
Ed Sheeran & Justin Bieber,I Don't Care,3877715
Maroon 5,Girls Like You,3707762
Lewis Capaldi,Someone You Loved,3695306
Halsey,Without Me,3564017
"benny blanco, Halsey & Khalid",Eastside,3492108
French Montana,Unforgettable,3476592
Ariana Grande,7 rings,3400977
Travis Scott,SICKO MODE,3205996
ZAYN,Dusk Till Dawn,3189168
Tones and I,Dance Monkey,3180691
Post Malone,Better Now,3099556
Ava Max,Sweet but Psycho,3073477
Ariana Grande,No Tears Left to Cry,3002256
The Chainsmokers,Closer,2964330
Calvin Harris,Feels,2910483
DJ Khaled,Wild Thoughts,2887729
Post Malone,Wow.,2874001
Selena Gomez & Marshmello,Wolves,2854432
DJ Snake,Taki Taki,2831430
Taylor Swift,Look What You Made Me Do,2827748
"Zedd, Maren Morris & Grey",The Middle,2825600
Dua Lipa,IDGAF,2773673
Marshmello,Silence,2724925
Sam Smith & Normani,Dancing with a Stranger,2698546
Clean Bandit,Solo,2695416
Dynoro & Gigi d'Agostino,In My Mind,2684172
Drake,In My Feelings,2629730
"Calvin Harris, Sam Smith",Promises,2614988
Jonas Brothers,Sucker,2605766
J Balvin & Willy William,Mi Gente,2558849
XXXTENTACION,Sad,2539860
Marshmello & Anne-Marie,FRIENDS,2512995
Post Malone,Psycho,2494206
Billie Eilish,when the party's over,2356817
Ed Sheeran,Beautiful People,2350592
Maroon 5,What Lovers Do,2344693
Rudimental,These Days,2311169
Billie Eilish,bury a friend,2289534
Ed Sheeran,Galway Girl,2267111
Post Malone,Circles,2265375
Sam Smith,Too Good at Goodbyes,2261159
Anne-Marie,2002,2192084
Jonas Blue,Rise,2157321
Juice WRLD,Lucid Dreams,2146405
Mabel,Don't Call Me Up,2127480
Shawn Mendes,There's Nothing Holdin' Me Back,2099057
George Ezra,Shotgun,2094943
David Guetta,2U,2056308
Loud Luxury,Body,2027068
Dennis Lloyd,Nevermind,2013537
Khalid,Young Dumb & Broke,1961556
Bruno Mars,That’s What I Like,1947050
Maroon 5,Memories,1935771
Post Malone,Goodbyes,1933732
Daddy Yankee,Con Calma,1923010
Dean Lewis,Be Alright,1915836
Justin Bieber & BloodPop®,Friends,1908378
DJ Khaled,I'm the One,1876330
5 Seconds of Summer,Youngblood,1866438
Panic! At the Disco,High Hopes,1863896
Bad Bunny,MIA,1860101
Charlie Puth,How Long,1844118
Ariana Grande,God is a woman,1843740
Khalid,Talk,1839253
Drake,Nice For What,1802607
Meduza,Piece Of Your Heart,1793837
Zedd & Alessia Cara,Stay,1791909
Ariana Grande,"break up with your girlfriend, i'm bored",1762977
XXXTENTACION,Moonlight,1758904
Selena Gomez,Back to You,1728113
Keala Settle & The Greatest Showman Ensemble,This Is Me,1727743
Bruno Mars,Finesse,1709023
Dua Lipa,Don't Start Now,1696032
Eminem,River,1676752
Clean Bandit,Symphony,1655868
Luis Fonsi & Demi Lovato,Échame La Culpa,1646842
P!nk,What About Us,1644223
"Kendrick Lamar, SZA",All The Stars,1634436
Sam Smith,How Do You Sleep,1627586
Shawn Mendes,In My Blood,1622529
Billie Eilish & Khalid,lovely,1610964
Jonas Blue,Mama,1605750
Meek Mill,Going Bad,1603279
Kendrick Lamar,HUMBLE.,1602788
Ed Sheeran,South of the Border,1594793
"Calvin Harris, Rag’n’Bone Man",Giant,1591351
Ed Sheeran,Castle on the Hill,1589122
Pedro Capó & Farruko,Calma,1585246
Camila Cabello,Never Be the Same,1573628
Shawn Mendes,If I Can't Have You,1566624
Khalid,Better,1565243
David Guetta & Sia,Flames,1548814
Imagine Dragons,Whatever It Takes,1524546
Tyga,Taste,1524308
Cardi B,Bodak Yellow,1517304
Nicky Jam & J Balvin,X,1511676
Rita Ora,Let You Love Me,1508334
Post Malone,I Fall Apart,1494318
Chris Brown,No Guidance,1477871
Travis Scott,HIGHEST IN THE ROOM,1468801
Drake,Nonstop,1468269
Axwell Λ Ingrosso,More Than You Know,1451089
G-Eazy & Halsey,Him & I,1446034
Bazzi,Mine,1445905
Selena Gomez,Lose You to Love Me,1438749
Mariah Carey,All I Want For Christmas Is You,1437800
Ed Sheeran,Perfect Duet,1435483
Lady Gaga,Always Remember Us This Way,1426245
Avicii,Lonely Together,1416561
Taylor Swift,You Need To Calm Down,1411463
Kygo & Selena Gomez,It Ain't Me,1411360
Billie Eilish,everything i wanted,1408594
Liam Payne,Strip That Down,1389986
Clean Bandit,Rockabye,1369583
Taylor Swift,ME,1362853
Portugal. The Man,Feel It Still,1357796
Avicii,SOS,1357220
The Weeknd,Call Out My Name,1357089
Rita Ora,Anywhere,1354571
Ariana Grande,breathin,1344044
Kodak Black,ZEZE,1342163
Avicii,Without You,1339693
NF,Let You Down,1339293
BLACKPINK,DDU-DU DDU-DU,1330666
Drake,Money In The Grave,1322975
Ed Sheeran,Thinking Out Loud,1316429
Lauv & Troye Sivan,i'm so tired...,1315257
Khalid & Normani,Love Lies,1314720
Danny Ocean,Me Rehúso,1292588
The Weeknd,Starboy,1279465
Regard,Ride It,1266096
Post Malone,Congratulations,1265787
Clean Bandit,I Miss You,1260473
Kygo & Whitney Houston,Higher Love,1259792
Logic,1-800-273-8255,1258281
Lauv,I Like Me Better,1249377
Imagine Dragons,Natural,1243959
A$AP Rocky,Praise the Lord,1226712
Charlie Puth,We Don’t Talk Anymore,1225260
Mark Ronson,Nothing Breaks Like a Heart,1206298
Hailee Steinfeld & Alesso,Let Me Go,1202229
6ix9ine,FEFE,1197619
XXXTENTACION & Lil Pump,Arms Around You,1162965
Arizona Zervas,Roxanne,1161460
Tom Walker,Leave a Light On,1151032
DJ Khaled,No Brainer,1150540
XXXTENTACION,Jocelyn Flores,1148500
Kanye West & Lil Pump,I Love It,1140201
Marshmello,Here With Me,1138044
Tiësto & Dzeko,Jackie Chan,1137588
Justin Timberlake,Say Something,1134745
Bruno Mars,24K Magic,1134551
Taylor Swift,Lover,1127513
The Weeknd,I Feel It Coming,1117765
Lil Pump,Gucci Gang,1113813
DJ Snake & J Balvin,Loco Contigo,1112221
Zac Efron & Zendaya,Rewrite the Stars,1111740
The Weeknd,Blinding Lights,1105565
Ed Sheeran,Photograph,1103563
Martin Garrix & Troye Sivan,There For You,1087228
"The Weeknd, Kendrick Lamar",Pray For Me,1085195
BLACKPINK,Kill This Love,1073487
Ed Sheeran,Cross Me,1073444
Ed Sheeran,Happier,1070691
"Silk City, Dua Lipa",Electricity,1055342
"Alan Walker, Noah Cyrus & Digital Farm Animals",All Falls Down,1053091
Jason Derülo,Swalla,1052999
Ali Gatie,It's You,1051678
Billie Eilish,wish you were gay,1048013
BLACKPINK,As If It's Your Last,1046214
Y2K & bbno$,Lalala,1041227
Queen,Bohemian Rhapsody,1033687
"Hugh Jackman, Keala Settle, Zac Efron, Zendaya & The Greatest Showman Ensemble",The Greatest Show,1029714
Young Thug,The London,1017645
Alan Walker,Faded,1014020
Aya Nakamura,Djadja,1012747
XXXTENTACION,Changes,1011431
Taylor Swift,...Ready For It,1011199
Liam Payne & Rita Ora,For You,1000752
J. Cole,MIDDLE CHILD,988452
Lil Dicky,Freaky Friday,984119
Maluma,Felices los 4,979347
Lizzo,Truth Hurts,968130
BTS,Boy With Luv,966735
DJ Snake,Let Me Love You,954025
Rita Ora,Your Song,952078
Lil Tecca,Ransom,930595
Macklemore,Glorious,928521
Katy Perry,Never Really Over,923821
Dominic Fike,3 Nights,920956
"Nio García, Casper Mágico & Bad Bunny",Te Boté,919945
BlocBoy JB,Look Alive,911938
Daddy Yankee,Dura,908396
Travis Scott,Butterfly Effect,907669
Martin Garrix,Ocean,905801
JENNIE (from BLACKPINK),SOLO,900149
Loren Allred,Never Enough,899633
Natti Natasha & Ozuna,Criminal,890538
A Boogie wit da Hoodie,Swervin,888495
Lil Uzi Vert,XO TOUR Llif3,887048
Major Lazer,Know No Better,884589
Imagine Dragons,Bad Liar,882321
Harry Styles,Sign of the Times,874519
Jax Jones,Breathe,871857
Trevor Daniel,Falling,871437
Lil Baby & Gunna,Drip Too Hard,871187
Dan + Shay & Justin Bieber,"10,000 Hours",870485
Piso 21,Déjala Que Vuelva,863194
"Ziv Zaifman, Hugh Jackman & Michelle Williams",A Million Dreams,853025
Demi Lovato,Sorry Not Sorry,852489
21 Savage,Bank Account,849743
Alec Benjamin,Let Me Down Slowly,848719
DAOKO×米津玄師,Uchiagehanabi,847247
Eminem,Lucky You,839924
Ariana Grande & Social House,Boyfriend,829463
Drake,Signs,828180
ONE OK ROCK,Wherever you are,825153
Sam Feldt,Post Malone,820779
Lukas Graham,Love Someone,820756
Sheck Wes,Mo Bamba,816684
Kygo & Imagine Dragons,Born to Be Yours,816355
Jason Derülo,Tip Toe,815159
Bebe Rexha & Florida Georgia Line,Meant to Be,812208
Migos,Walk It Talk It,811286
"Anuel AA, Daddy Yankee & Karol G",China,807472
"Migos, Nicki Minaj & Cardi B",MotorSport,802663
あいみょん,君はロックを聴かない,799059
Big Shaq,Man's Not Hot,793487
Calvin Harris,Slide,792459
Ozuna,Se Preparó,792367
James Arthur,Say You Won't Let Go,789878
Reik,Me Niego,786033
The Chainsmokers,This Feeling,782277
Shawn Mendes,Youth,780938
Taylor Swift,Gorgeous,780271
Robin Schulz,OK,778836
Kygo,Stargazing,778529
BLACKPINK,Forever Young,776672
Martin Garrix & David Guetta,So Far Away,775642
Lizzo,Good as Hell,775214
Paulo Londra,Adán y Eva,767330
Selena Gomez,Bad Liar,765955
The Chainsmokers & 5 Seconds of Summer,Who Do You Love,763536
あいみょん,マリーゴールド,760626
Cardi B & Bruno Mars,Please Me,760429
Khalid,Location,759669
Louis Tomlinson,Back to You,756885
Drake,One Dance,750400
Offset & Metro Boomin,Ric Flair Drip,749858
Dua Lipa & BLACKPINK,Kiss and Make Up,749651
Billie Eilish,you should see me in a crown,744023
Cheat Codes,No Promises,740450
Charlie Puth,Done For Me,739416
TWICE,What is Love,737085
Ozuna,Vaina Loca,733696
Becky G & Natti Natasha,Sin Pijama,732670
Bruno Mars,Versace On The Floor,728941
TWICE,LIKEY,719899
Maluma,Corazón,718193
菅田 将暉,さよならエレジー,706808
Bad Bunny & Tainy,Callaita,706638
Calvin Harris,This Is What You Came For,692115
James Arthur,Naked,689562
Selena Gomez,Fetish,687006
Lauv,Paris in the Rain,683876
A Boogie wit da Hoodie,Look Back at It,683166
Kygo & Miguel,Remind Me to Forget,679888
Drake,Passionfruit,676572
Anitta & J Balvin,Downtown,674646
Cardi B,Money,670867
Travis Scott,STARGAZING,670778
J Balvin & Zion & Lennox,No Es Justo,670332
Wham!,Last Christmas,669509
"Ellie Goulding, Diplo & Swae Lee",Close to Me,668015
Manuel Turizo,Una Lady Como Tú,662547
HONNE,Day 1 ◑,661057
Enrique Iglesias,SÚBEME LA RADIO,656921
Daniel Caesar,Best Part,656340
Lil Baby & Drake,Yes Indeed,655617
XXXTENTACION,F**k Love,650726
ROSALÍA & J Balvin,Con Altura,647931
Taylor Swift,End Game,643710
"Alan Walker, Sabrina Carpenter & Farruko",On My Way,641466
Harry Styles,Lights Up,639481
Billie Eilish,all the good girls go to hell,638256
"David Guetta, Bebe Rexha & J Balvin",Say My Name,637892
Little Mix,Woman Like Me,637054
"Meduza, Becky Hill & GOODBOYS",Lose Control,635602
Roddy Ricch,The Box,632806
Ava Max,So Am I,630120
Justin Bieber,Yummy,628792
Bazzi,Beautiful,628496
Aya Nakamura,Pookie,627248
iKON,LOVE SCENARIO,626244
Harry Styles,Adore You,625205
ZAYN & Taylor Swift,I Don’t Wanna Live Forever,624803
blackbear,hot girl bummer,622990
周杰倫,告白氣球,621949
Bebe Rexha,Meant to Be,621281
Khalid,Saturday Nights,621159
"Bad Bunny, Prince Royce & J Balvin",Sensualidad,618886
Maluma,HP,615305
J Balvin & Jowell & Randy,Bonita,614624
Jax Jones,Instruction,608743
Martin Garrix & Dua Lipa,Scared to Be Lonely,607381
Taylor Swift,Delicate,605395
Niall Horan,Slow Hands,602023
6ix9ine,BEBE,600266
Post Malone,Ball For Me,599754
Mustard & Migos,Pure Water,599732
The Carters,APESHIT,598836
Katy Perry,Swish Swish,597968
Anuel AA & Karol G,Secreto,597327
Sean Paul & David Guetta,Mad Love,594362
Billie Eilish,ocean eyes,593626
DaBaby,Suge,592647
あいみょん,愛を伝えたいだとか,592240
Hugh Jackman & Zac Efron,The Other Side,590632
TWICE,YES or YES,590514
MiyaGi & Эндшпиль,I Got Love,588289
Childish Gambino,This Is America,586654
"Lunay, Daddy Yankee & Bad Bunny",Soltera,585212
"Ariana Grande, Miley Cyrus & Lana Del Rey",Don't Call Me Angel,585116
Lil Nas X,Panini,582645
The Chainsmokers,Sick Boy,582377
Justin Bieber,Love Yourself,580872
Ozuna,Baila Baila Baila,579628
Shakira,Perro Fiel,577920
"Jhay Cortez, J Balvin & Bad Bunny",No Me Conoce,574933
ONE OK ROCK,Change,574664
Taylor Swift,Shake It Off,573745
French Montana,No Stylist,573152
TWICE,Heart Shaker,572692
Ariana Grande,imagine,569693
Miley Cyrus,Malibu,569587
Gucci Mane,I Get the Bag,569470
J Balvin & Bad Bunny,LA CANCIÓN,566865
Rudimental,Sun Comes Up,566534
Wolfine,Bella,558824
TWICE,FANCY,558750
The Black Eyed Peas & J Balvin,RITMO,558290
James Arthur & Anne-Marie,Rewrite the Stars,555617
Camila Cabello,Liar,553946
G-Eazy,No Limit,553254
OneRepublic,Rescue Me,553101
Harry Styles,Watermelon Sugar,552481
Travis Scott,goosebumps,551829
The Chainsmokers,Paris,549876
Migos,Stir Fry,548574
Piso 21 & Micro Tdh,Te Vi,548376
LSD,Thunderclouds,548318
Adele,Someone Like You,544395
"Mau y Ricky, Manuel Turizo & Camilo",Desconocidos,544190
Bausa,Was Du Liebe nennst,540810
"benny blanco, Tainy, Selena Gomez & J Balvin",I Can't Get Enough,539661
Chris Brown,Questions,539352
Anuel AA,Sola,539332
David Guetta,Don't Leave Me Alone,538860
Jess Glynne,I'll Be There,537132
Childish Gambino,Redbone,536645
Anuel AA & Haze,Amanece,535935
Taylor Swift,Blank Space,535886
Sech,Otro Trago,534922
Sigala & Paloma Faith,Lullaby,533463
Post Malone,Hollywood's Bleeding,531826
ZAYN,Let Me,531320
Ramz,Barking,530017
Reik & Maluma,Amigos Con Derechos,529695
The Chainsmokers,Don't Let Me Down,526870
21 Savage,a lot,526250
Zion & Lennox,La Player,524086
Carlos Vives & Sebastian Yatra,Robarte un Beso,522860
Billie Eilish,idontwannabeyouanymore,522480
Official髭男dism,ノーダウト,522319
Zedd & Elley Duhé,Happy Now,521139
Ed Sheeran & Travis Scott,Antisocial,519414
ジャスティン・ビーバー,What Do You Mean,517676
Becky G & Bad Bunny,Mayores,515401
Jason Derulo & David Guetta,Goodbye,515336
Chris Jeday,Ahora Dice,514733
Maggie Lindemann,Pretty Girl,508083
P!nk,Walk Me Home,507763
Danny Ocean,Dembow,506883
Dave,Location,506553
Aaron Smith,Dancin,504648
"Tyler, The Creator",EARFQUAKE,504372
Michael Bublé,It's Beginning To Look a Lot Like Christmas,503590
NOTD,I Wanna Know,498253
Cardi B,Bartier Cardi,498164
Juice WRLD & YoungBoy Never Broke Again,Bandit,497984
Drake,Mob Ties,497047
King Gnu,白日,496790
Lewis Capaldi,Hold Me While You Wait,496754
Тима Белорусских,Мокрые кроссы,495129
Stormzy,Vossi Bop,494911
George Ezra,Paradise,494312
"Jax Jones, Martin Solveig & Madison Beer",All Day and Night,493346
The Chainsmokers & Illenium,Takeaway,492362
YNW Melly,Murder On My Mind,492273
あいみょん,今夜このまま,491772
Halsey,Graveyard,491663
J Balvin & Bad Bunny,QUÉ PRETENDES,491518
The Chainsmokers & Bebe Rexha,Call You Mine,491328
Billie Eilish,my strange addiction,489231
Burak Yeter,Tuesday,488813
Sean Paul,No Lie,488025
Zivert,Life,487843
TWICE,Dance The Night Away,486009
Bonez MC & Raf Camora,500 PS,483957
Marshmello & Kane Brown,One Thing Right,483666
Drake,I'm Upset,483437
Ozuna,Síguelo Bailando,482552
Alvaro Soler,La Cintura,479955
Official髭男dism,Stand By You,479816
Kalash,Mwaka Moon,479362
Lewis Capaldi,Before You Go,478811
Future,Mask Off,478498
David Guetta & Afrojack,Dirty Sexy Money,478119
于文文,體面,477899
"Hugh Jackman, Keala Settle, Daniel Everidge, Zendaya & The Greatest Showman Ensemble",Come Alive,477294
Becky G & Paulo Londra,Cuando Te Besé,476924
Billie Eilish,i love you,476801
"DJ Luian, Mambo Kingz & Anuel AA",Verte Ir,475647
"Alex Rose, Rauw Alejandro, Cazzu, Lenny Tavárez & Lyanno",Toda,475399
Jeremy Zucker,comethru,475307
Alex Sensation & Ozuna,Que Va,467918
Drake,Don't Matter To Me,467684
Maluma,11 PM,467624
Mrs. GREEN APPLE,青と夏,466222
JC,說散就散,462454
Camila Cabello,Crying in the Club,461889
Calum Scott,You Are The Reason,460795
Post Malone,Candy Paint,460756
Rag'n'Bone Man,Human,460687
N.E.R.D & Rihanna,Lemon,458929
Wisin,Escápate Conmigo,458797
John Legend,All of Me,457120
Kendrick Lamar,LOVE.,457024
Kygo & Rita Ora,Carry On,454145
Ella Mai,Trip,452525
Young Thug,Hot,452444
Баста,Сансара,452282
CNCO & Little Mix,Reggaetón Lento,451166
Red Velvet,Bad Boy,449263
DA PUMP,U.S.A.,449068
The Weeknd,Heartless,447262
Tyga,Ayy Macarena,445003
Taylor Swift,The Man,444822
Nicki Minaj,Chun-Li,444033
Polo G,Pop Out,443330
SZA,Love Galore,442709
TWICE,TT -Japanese ver.-,441172
Nicky Jam & Ozuna,Te Robaré,440099
Sebastián Yatra & Reik,Un Año,439361
Normani,Motivation,438696
Artik & Asti,Грустный дэнс,437245
Blueface,Thotiana,434340
Camila Cabello,My Oh My,433494
XXXTENTACION,Everybody Dies in Their Nightmares,433491
Ariana Grande,bloodline,433337
周杰倫,等你下課,432879
Ofenbach & Nick Waterhouse,Katchi,432395
Angèle,Balance ton quoi,431908
"Tiësto, Jonas Blue & Rita Ora",Ritual,430122
Angèle,Tout oublier,428886
Avicii,Wake Me Up,427583
あいみょん,貴方解剖純愛歌~死ね~,427329
ONE OK ROCK,Stand Out Fit In,427064
Ed Sheeran,Take Me Back to London,426266
Lil Peep & XXXTENTACION,Falling Down,425942
DaBaby,BOP,421229
TWICE,Feel Special,418670
Niska,Réseaux,418227
Ed Sheeran,Dive,417350
"Nio Garcia, Casper Magico & Bad Bunny",Te Boté,417340
Eminem,The Ringer,417227
Karol G & Maluma,Créeme,416725
清水 翔太,My Boo,415322
폴킴,"모든 날, 모든 순간",415196
Sam Hunt,Body Like a Back Road,414460
Alice Merton,No Roots,414296
Rich The Kid,Plug Walk,414076
"DJ Luian, Mambo Kingz & Anuel AA",Bubalu,413896
Queen,Don't Stop Me Now,413862
周杰伦,告白气球,412823
"Ozuna, Mambo Kingz & DJ Luian",Solita,412818
Blanco Brown,The Git Up,412649
Post Malone,Take What You Want,412134
Aya Nakamura,Copines,411879
Travis Scott,YOSEMITE,411672
Тима Белорусских,Незабудка,411067
HammAli & Navai,Пустите меня на танцпол,410936
Sia,Cheap Thrills,410783
James Hype,More Than Friends,409702
BTS,DNA,409121
DJ Snake,A Different Way,408137
BLACKPINK,Don't Know What To Do,407303
CamelPhat & Elderbrook,Cola,406833
HammAli & Navai,Ноты,405884
BTS,FAKE LOVE,402790
"Nacho, Yandel & Bad Bunny",Báilame,402736
Kanye West,Follow God,402593
Post Malone,Enemies,400031
Post Malone,Die For Me,398659
Kanye West,All Mine,398548
Paulo Londra,Nena Maldición,398108
Post Malone,Saint-Tropez,397869
IZ*ONE,La Vie en Rose,396978
Martin Garrix,Summer Days,396414
Capital Bra,Neymar,395455
Lady Gaga,I'll Never Love Again,395106
Brytiago & Darell,Asesina,394895
Maluma,Mala Mía,394508
Foorin,パプリカ,393925
Lewis Capaldi,Bruises,393748
Ozuna,La Modelo,390563
Bebe Rexha,I'm a Mess,388878
Hugh Jackman & The Greatest Showman Ensemble,From Now On,387125
6ix9ine,KIKA,387102
Avicii,Heaven,387098
Future,Life Is Good,387081
Jorja Smith,Be Honest,385478
ROSALÍA & Ozuna,"Yo x Ti, Tu x Mi",384962
"Tainy, Anuel AA & Ozuna",Adicto,383864
Queen,Another One Bites the Dust,383862
Lartiste,Mafiosa,383332
"Romeo Santos, Daddy Yankee & Nicky Jam",Bella y Sensual,383091
XXXTENTACION,the remedy for a broken heart,383089
Sigala & Ella Eyre,Came Here For Love,382897
SHAED & ZAYN,Trampoline,381705
Piso 21 & Paulo Londra,Te Amo,380119
Bad Bunny,Amorfoda,380073
Maluma,El Préstamo,380043
Anuel AA,Quiere Beber,379216
Karol G & Anuel AA,Culpables,379162
Mrs. GREEN APPLE,WanteD WanteD,378374
"Sech, Ozuna & Anuel AA",Otro Trago,376855
Coldplay,Hymn for the Weekend,375288
あいみょん,満月の夜なら,375087
Nicky Jam,El Amante,374920
Lost Frequencies & Zonderling,Crazy,374903
HammAli & Navai,Девочка-война,372652
"Jonas Blue, Liam Payne & Lennon Stella",Polaroid,371781
Thalía & Natti Natasha,No Me Acuerdo,371546
Zedd & Liam Payne,Get Low,371543
Mabel,Mad Love,371137
Billie Eilish,bellyache,371013
YG,Go Loko,370673
Daddy Yankee & Anuel AA,Adictiva,367949
SHAUN,Way Back Home,366697
Kendrick Lamar,DNA.,365721
Billie Eilish,xanny,365439
Summer Cem,Tamam Tamam,365031
Robin Schulz,Speechless,364795
Элджей & Feduk,Розовое вино,364723
Mark Ronson,Uptown Funk,363894
Coez,La musica non c'è,363651
Ninho,Maman ne le sait pas,363148
Charli XCX & Troye Sivan,1999,361344
LP,Lost on You,361028
Jonas Brothers,Only Human,360056
Jah Khalib,Медина,360052
JP Saxe,If The World Was Ending,360023
Paulo Londra,Tal Vez,359561
Apache 207,Roller,358004
Lauv,"f**k, i'm lonely",357824
Zara Larsson,Ruin My Life,357450
A$AP Ferg,Plain Jane,357317
Stormzy,Own It,357160
SAINt JHN,Roses,356801
T-Fest,Улети,356239
Miley Cyrus,Mother's Daughter,355923
Mustard,Ballin’,355790
Justin Bieber,Sorry,355330
Sebastián Yatra & Mau y Ricky,Ya No Tiene Novio,354110
Bad Bunny,Estamos Bien,352550
Don Toliver,No Idea,352326
MATRANG,Медуза,350844
Daddy Yankee,La Rompe Corazones,350702
Flipp Dinero,Leave Me Alone,349440
周杰伦,晴天,349214
Мальбэк,Гипнозы,349033
MONGOL800,小さな恋のうた,348948
Ozuna,Quiero Repetir,348641
Kodak Black,Roll in Peace,348329
Kehlani,Nights Like This,345773
Taylor Swift,Cruel Summer,345334
Justin Timberlake,Filthy,343390
Piso 21,Me Llamas,342692
Selena Gomez,Look At Her Now,340933
Enrique Iglesias,EL BAÑO,340657
田馥甄,小幸運,340350
Ofenbach,Be Mine,340085
5 Seconds of Summer,Easier,339532
Drax Project,Woke Up Late,339033
ONE OK ROCK,Wasted Nights,338487
Dermot Kennedy,Outnumbered,338156
ITZY,DALLA DALLA,337109
Ella Mai,Boo'd Up,334359
"David Guetta, Martin Garrix & Brooks",Like I Do,334102
Camilo & Pedro Capó,Tutu,333820
LINKIN PARK,Heavy,333702
Tom Walker,Just You and I,333367
Michelle Williams,Tightrope,333264
Juice WRLD,Robbery,332758
SEKAI NO OWARI,RAIN,332330
Shakira,Chantaje,331951
Pop Pongkool,ภาพจำ,331798
Skrillex & Poo Bear,Would You Ever,330737
"Gucci Mane, Bruno Mars & Kodak Black",Wake Up in the Sky,330370
"Dalex, Nicky Jam & Justin Quiles",Cuaderno,330049
Taylor Swift,Call It What You Want,329923
AJ Tracey,Ladbroke Grove,329793
Aimer,カタオモイ,329764
MEAN,หมายความว่าอะไร,329707
CNCO & Yandel,Hey DJ,329556
Eminem,Walk On Water,329344
Capital Bra & Samra,Tilidin,329272
Zion & Lennox,Otra Vez,328839
"Khalid, 6LACK & Ty Dolla $ign",OTW,328145
Ariana Grande,NASA,328001
Coldplay,A Sky Full of Stars,327918
薛之謙,演員,327659
J Balvin,Reggaeton,327101
Ninho,La vie qu'on mène,326777
Ariana Grande,needy,326472
Official髭男dism,115万キロのフィルム,326440
Shakira & Maluma,Clandestino,325984
周杰伦,等你下课,324468
Ellie Goulding & Juice WRLD,Hate Me,324419
菅田 将暉,まちがいさがし,324395
Lil Wayne,Uproar,323753
Justin Timberlake,CAN'T STOP THE FEELING,323538
Zedd & Katy Perry,365,322312
Kanye West,Yikes,321700
Nicki Minaj,Bed,320491
Sofia Reyes,"1, 2, 3",320245
周興哲,怎麼了,319682
Troye Sivan,Strawberries & Cigarettes,319364
Morat,Cuando Nadie Ve,318810
Jason Derülo,If I'm Lucky,318225
Dadju,Reine,317668
Polycat,อาวรณ์,316750
Shawn Mendes,Lost in Japan,316567
ZAYN & Zhavia Ward,A Whole New World,316476
Damso,Θ. Macarena,316434
Nico Santos,Rooftop,316261
G-イージー & Kehlani,Good Life,316240
"Sech, Justin Quiles & Maluma",Que Más Pues,315011
周杰伦,七里香,314786
CNCO,Reggaetón Lento,313964
Niska,Médicament,313640
Kendrick Lamar,LOYALTY.,313077
Naomi Scott,Speechless,312926
Jax Jones & Mabel,Ring Ring,312443
Rammstein,DEUTSCHLAND,311698
Ariana Grande,Santa Tell Me,311515
Years & Years,If You're Over Me,310888
ジャスティン・ビーバー,Sorry,310386
Banx & Ranx & Ella Eyre,Answerphone,308870
"21 Savage, Offset & Metro Boomin",Ghostface Killers,308546
BTS,DNA,308313
Summer Cem & Bausa,Casanova,308026
Stefflon Don & French Montana,Hurtin' Me,307853
Billie Eilish,come out and play,307709
Dalex,Pa Mí,307523
James Arthur,Empty Space,307124
Jax Jones,You Don't Know Me,307034
Dadju,Bob Marley,306914
Metro Boomin,10 Freaky Girls,306458
Joey Montana & Sebastian Yatra,Suena El Dembow,305804
MARKUL & Oxxxymiron,Fata Morgana,305153
Eminem,Fall,305051
J. Cole,KOD,304855
Lewis Capaldi,Grace,304293
Felipe Peláez & Maluma,Vivo Pensando en Ti,304260
Karol G & Bad Bunny,Ahora Me Llama,303948
"Farruko, Bad Bunny & Ozuna",Diles,303872
MK,17,303819
Mahmood,Soldi,303466
BTS,DNA,302593
SZA,The Weekend,302556
EXO,Ko Ko Bop,301900
Леша Свик,Малиновый свет,301600
Eminem,Godzilla,301524
Liam Payne & J Balvin,Familiar,301296
欅坂46,ガラスを割れ,300157
Manuel Turizo,Esperándote,299378
Ninho,Goutte d’eau,299370
"Jay Rock, Kendrick Lamar, Future, James Blake",King's Dead,299222
Lil Uzi Vert,Sanguine Paradise,299176
Taylor Swift,The Archer,299025
Palmy,ซ่อนกลิ่น,298762
Steve Aoki,Waste It on Me,298553
Luis Fonsi & Ozuna,Imposible,298389
Eminem,Venom,298181
MERO,Baller los,297971
Mario Bautista,Baby Girl,297964
Тима Белорусских,Витаминка,297081
John Mayer,New Light,296799
Official髭男dism,Pretender,296581
Rauw Alejandro & Farruko,Fantasías,296521
Gesaffelstein & The Weeknd,Lost in the Fire,296413
Hailee Steinfeld & BloodPop®,Capital Letters,295635
Элджей,Минимал,295055
Capital Bra,Melodien,294806
五月天,後來的我們,294644
Luis Miguel,Ahora Te Puedes Marchar,294637
back number,高嶺の花子さん,294126
KAROL G & Nicki Minaj,Tusa,293878
Anuel AA,Ella Quiere Beber,293619
Camila Cabello,Real Friends,293161
P!nk,Beautiful Trauma,293136
MISIA,アイノカタチ,291178
Bad Bunny,NI BIEN NI MAL,290937
Capital Bra,One Night Stand,290585
Drake & Michael Jackson,Don't Matter To Me,290443
Ariana Grande,fake smile,290431
Coldplay,Orphans,290425
Wiz Khalifa,See You Again,290390
The Chainsmokers,Side Effects,290284
"Quality Control, Lil Baby & DaBaby",Baby,290209
Rauf & Faik,Детство,290006
Alma,Chasing Highs,289334
Lil Uzi Vert,The Way Life Goes,289042
Drake,Emotionless,288798
Juju,Vermissen,288235
Christian Nodal,No Te Contaron Mal,287755
ONE OK ROCK,The Beginning,287610
Eminem,Killshot,287129
Dan + Shay,Tequila,286504
Ezhel,Geceler,286147
ジャスティン・ビーバー,Love Yourself,285977
Morat & Juanes,Besos En Guerra,285492
Мальбэк,Равнодушие,285442
Miley Cyrus,Slide Away,285049
A-Lin,有一種悲傷,284671
Christian Nodal,Adiós Amor,284310
BLACKPINK,Really,284183
Yo Gotti,Rake It Up,283735
Ed Sheeran,Best Part of Me,283694
ONE OK ROCK,We are,283344
Taylor Swift,Style,282274
Shawn Mendes,Treat You Better,282111
Ricky Martin,Vente Pa' Ca,282051
Zivert,Зелёные волны,281432
Jess Glynne,All I Am,281203
Feduk,Моряк,280979
Amy Shark,I Said Hi,280004
Atom Chanakan,Good Morning Teacher,279311
Official髭男dism,宿命,279105
Manuel Turizo,Culpables,279022
Meduza & Goodboys,Piece Of Your Heart,278972
Skylar Grey,Everything I Need,278877
あいみょん,ハルノヒ,278740
Calboy,Envy Me,278565
YG,Big Bank,278127
Lil Baby,Pure Cocaine,278080
"Reik, J Balvin & Lalo Ebratt",Indeciso,277761
[Alexandros],ワタリドリ,277301
Ed Sheeran,Remember The Name,277198
Lauren Daigle,You Say,276508
Julia Michaels,Issues,276423
Post Malone,Paranoid,276286
Idina Menzel & AURORA,Into the Unknown,276214
Sido,Tausend Tattoos,275221
Takagi & Ketra,Amore e Capoeira,274889
椎名林檎,丸ノ内サディスティック,274521
Anne-Marie,Ciao Adios,274059
우원재,시차,273959
岑寧兒,追光者,273724
"Lil Baby, Gunna & Drake",Never Recover,273445
Ozuna,Ibiza,272948
Kesha,Praying,272648
BLACKPINK,마지막처럼,272409
MOMOLAND,Bboom Bboom,272239
Joel Corry,Sorry,271984
The Toys,หน้าหนาวที่แล้ว,271843
Jah Khalib,Лейла,271799
"Austyn Johnson, Cameron Seely & Hugh Jackman",A Million Dreams,271735
Offset,Clout,270808
헤이즈,비도 오고 그래서,270785
Myke Towers & Farruko,Si Se Da,270429
Khalid,Suncity,270244
Post Malone,Spoil My Night,269537
Halsey,Bad At Love,268963
XXXTENTACION,BAD,268913
KAZKA,ПЛАКАЛА,268637
あいみょん,ふたりの世界,267252
Скриптонит,Цепи,267044
Sam Smith,One Last Song,266722
BTS,Make It Right,266414
Jess Glynne,Thursday,266109
DaBaby,VIBEZ,265545
Queen,Somebody to Love,264705
CYGO,Panda E,264525
Dave & Fredo,Funky Friday,264395
BLACKPINK,BOOMBAYAH,264050
欅坂46,サイレントマジョリティー,264021
Mabel,Finders Keepers,263284
Kenny Man,Ni Gucci Ni Prada,263269
EXO,Love Shot,262849
6ix9ine,MAMA,262832
HammAli & Navai,Прятки,262276
田馥甄,小幸运,262105
GAYAZOV$ BROTHER$,До встречи на танцполе,262098
Martin Solveig,All Stars,262094
Sigala & Becky Hill,Wish You Well,261699
Troye Sivan,My My My,261531
KitschKrieg,Standard,261356
Kaleo,Way Down We Go,261320
Ozuna,El Farsante,261174
Bramsito,Sale mood,260838
Valentino,Bésame,260817
Cosculluela,Madura,260803
アヴィーチー,Wake Me Up,260400
Alan Walker,Darkside,259987
ONE OK ROCK,完全感覚Dreamer,259494
Drake,Elevate,259325
6LACK,Pretty Little Fears,259098
Post Malone,Rich & Sad,259002
Shakira,Me Enamoré,258556
Cardi B,Be Careful,257693
Kevin Roldán,PPP,257618
Clean Bandit,Baby,256223
Sam Smith,Pray,256218
Dadju,Jaloux,256025
Freya Ridings,Lost Without You,255809
Loud Luxury & Bryce Vine,I'm Not Alright,255344
Selena Gomez,Rare,255265
EXO,Tempo,255083
Lil Baby,Woah,255014
Loboda,SuperSTAR,254817
Anuel AA & Romeo Santos,Ella Quiere Beber,254551
The TOYS,ลาลาลอย,254234
米津玄師,Lemon,254196
City Girls,Act Up,254036
MiyaGi,Captain,253606
"Abraham Mateo, Farruko & Christian Daniel",Loco Enamorado,253395
NSG,Options,253287
Raf Camora,Primo,252818
Alle Farben & ILIRA,Fading,252484
Tiësto & Mabel,God Is a Dancer,252469
"Capital Bra, Samra & Lea",110,252279
DJ Khaled,Wish Wish,251665
マルーン5,What Lovers Do,251188
Егор Крид,Потрачу,251019
Lil Wayne,Mona Lisa,250801
Ozuna,Tu Foto,250785
Cheat Codes & Little Mix,Only You,250308
Lomepal,Trop beau,249921
BLACKPINK,PLAYING WITH FIRE,249836
레드벨벳,빨간 맛 Red Flavor,249588
Адлер Коцба & Timran,Запах моей женщины,249534
Drake,Can't Take a Joke,249094
Post Malone,On the Road,249043
Major Lazer,Cold Water,248990
G-DRAGON,"무제 無題 Untitled, 2014",248802
Alan Walker,Alone,248535
El Profesor,Bella Ciao,248270
J Balvin,Ambiente,247827
"ScHoolboy Q, 2 Chainz, Saudi",X,247569
Leslie Grace & Noriel,Duro y Suave,247476
Migos,Slippery,246916
"Machine Gun Kelly, X Ambassadors & Bebe Rexha",Home,246819
ToNick,長相廝守,246754
Taylor Swift,Welcome To New York,246738
Macklemore,Good Old Days,246385
Lil Baby,Close Friends,246224
ITZY,ICY,246182
SHISHAMO,明日も,245884
J Hus,Did You See,245773
F.HERO,เสือสิ้นลาย,245310
"John Lennon, The Harlem Community Choir, The Plastic Ono Band & Yoko Ono",Happy Xmas,244941
Rita Ora,Girls,244877
Jony,Аллея,244835
Banda Sinaloense MS de Sergio Lizarraga,El Color de Tus Ojos,244597
"M.O, Lotto Boyzz & Mr Eazi",Bad Vibe,244369
林俊傑,可惜沒如果,244323
Taylor Swift,I Forgot That You Existed,244279
Diplo & Jonas Brothers,Lonely,244228
Summer Walker & Usher,Come Thru,243601
Ritviz,Udd Gaye,243263
Calum Scott,Dancing on My Own,242861
"Ozuna, Daddy Yankee & J Balvin",Baila Baila Baila,242500
Niall Horan,Too Much to Ask,242225
Yungen,Bestie,241971
Apache 207,200 km/h,241942
BTS,작은 것들을 위한 시,241640
Samra & Capital Bra,Wieder Lila,241607
Post Malone,Go Flex,241499
MARUV & Boosin,Drunk Groove,241058
Дима Билан,Держи,240538
ACTART,นอกจากชื่อฉัน,240528
Capo Plaza,Tesla,240240
Ariana Grande,bad idea,240212
Avril Lavigne,Head Above Water,238688
Salmo,IL CIELO NELLA STANZA,238215
Little Mix & CNCO,Reggaetón Lento,238184
Nissy(西島隆弘),トリコ,237987
Luke Combs,Beautiful Crazy,237977
"Sigala, Ella Eyre & Meghan Trainor",Just Got Paid,237946
マルーン5,Sugar,237662
Miguel,Sky Walker,237525
LANY,Super Far,237242
Sean Paul & J Balvin,Contra La Pared,236957
Eminem,Greatest,236880
Aya Nakamura,La dot,236645
Монеточка,Каждый раз,236104
Travis Scott,CAN'T SAY,236095
Khalid,My Bad,235755
T-Fest & Скриптонит,Ламбада,235483
Shawn Mendes & Zedd,Lost in Japan,235418
A Boogie wit da Hoodie,Startender,235337
benny blanco & Calvin Harris,I Found You,235200
Bad Bunny,Soy Peor,235015
Logic,Homicide,234696
Capital Bra,Benzema,234550
The Killers,Mr. Brightside,234390
Kian,Waiting,234164
Sech & Ozuna,Si Te Vas,233832
Bad Bunny,Vete,233596
The Weeknd,Wasted Times,233516
周興哲,"你,好不好(TVBS連續劇【遺憾拼圖】片尾曲)",233253
Maître Gims & Maluma,Hola Señorita,232631
乃木坂46,シンクロニシティ,232552
Post Malone,White Iverson,232530
Sebastián Yatra,No Hay Nadie Más,232411
로이킴,그때 헤어지면 돼,231983
周杰伦,夜曲,231832
アヴィーチー,Waiting For Love,231725
Kygo & Ellie Goulding,First Time,231214
Ninho,Putana,230706
Vegedream,Elle est bonne sa mère,230692
YNW Melly,Mixed Personalities,230473
李榮浩,年少有為,230457
YK Osiris,Worth It,230330
Dear Jane,哪裡只得我共你,230086
Sebastian Yatra,No Hay Nadie Más,229436
Eminem,Not Alike,229382
Charli XCX,Boys,229226
茄子蛋,浪子回頭,229162
George Ezra,Hold My Girl,229131
Jorge & Mateus,Propaganda,229025
方皓玟,假使世界原來不像你預期,228997
Alan Walker & Sophia Somajo,Diamond Heart,228715
Mau y Ricky & Camilo,La Boca,227767
PNL,Au DD,227664
欅坂46,風に吹かれても,227389
Koba laD,RR 9.1,227067
"Myke Towers, Farruko & Arcángel",Si Se Da,226958
Migos,Notice Me,226736
Allj & Feduk,Розовое вино,226314
Niall Horan,Nice to Meet Ya,226168
M-22,First Time,226148
Ultimo,Pianeti,225878
乃木坂46,帰り道は遠回りしたくなる,225261
Dave,No Words,225083
Polycat,ดูดี,225021
Niska,Salé,225005
back number,ハッピーエンド,224993
BLACKPINK,뚜두뚜두,224854
Mrs. GREEN APPLE,ロマンチシズム,224702
5 Seconds of Summer,Teeth,224554
Billie Eilish,ilomilo,223509
鄧紫棋,光年之外,223120
Елена Темникова,Не модные,222899
Halsey,Nightmare,222896
Major Lazer,Particula,222448
Migos,Narcos,222415
Juice WRLD,All Girls Are the Same,222253
Lipta,หมอกร้าย,222224
Stephanie Poetri,I Love You 3000,222194
Mark Ronson,Find U Again,221165
Miyagi & Эндшпиль,In Love,220859
The Prince Karma,Later Bitches,220477
Luke Combs,Beer Never Broke My Heart,220218
Ezhel,İmkansızım,220053
Megan Thee Stallion,Hot Girl Summer,219772
Maître Gims,La même,219452
