artist,title,views,decade
Ed Sheeran,Shape of You,64217796,2013-2020
Post Malone,rockstar,46995997,2013-2020
The Chainsmokers,Closer,46300740,2013-2020
Drake,One Dance,47782311,2013-2020
Drake,God's Plan,54891573,2013-2020
Post Malone,Sunflower from Spider-Man: Into the Spider-Verse,34579416,2013-2020
Ed Sheeran,Perfect,24763619,2013-2020
Camila Cabello,Havana,33129706,2013-2020
James Arthur,Say You Won't Let Go,19297939,2013-2020
Imagine Dragons,Believer,16864827,2013-2020
Ed Sheeran,Thinking out Loud,12966533,2013-2020
Shawn Mendes,Señorita,67237638,2013-2020
XXXTENTACION,SAD!,38010231,2013-2020
Imagine Dragons,Thunder,21076623,2013-2020
Dua Lipa,New Rules,26215788,2013-2020
Ed Sheeran,Photograph,8088843,2013-2020
Billie Eilish,bad guy,50342324,2013-2020
Post Malone,Better Now,40788286,2013-2020
The Chainsmokers,Something Just Like This,33173199,2013-2020
Luis Fonsi,Despacito - Remix,54729818,2013-2020
Marshmello,Happier,28685390,2013-2020
Juice WRLD,Lucid Dreams,27389019,2013-2020
Lil Uzi Vert,XO TOUR Llif3,19373632,2013-2020
Ariana Grande,7 rings,71467874,2013-2020
Maroon 5,Girls Like You,29296811,2013-2020
Lady Gaga,Shallow,31597226,2013-2020
Ariana Grande,"thank u, next",59975503,2013-2020
Tones and I,Dance Monkey,52055226,2013-2020
Post Malone,Congratulations,15632229,2013-2020
XXXTENTACION,Jocelyn Flores,25442646,2013-2020
Kendrick Lamar,HUMBLE.,41269524,2013-2020
Justin Bieber,Love Yourself,28218558,2013-2020
The Weeknd,Starboy,35360281,2013-2020
Justin Bieber,Sorry,34283993,2013-2020
The Chainsmokers,Don't Let Me Down,20867984,2013-2020
Lewis Capaldi,Someone You Loved,24962682,2013-2020
Travis Scott,SICKO MODE,33399542,2013-2020
Halsey,Without Me,27576694,2013-2020
Major Lazer,Lean On,18924031,2013-2020
Post Malone,Psycho,45142484,2013-2020
Cardi B,I Like It,27369377,2013-2020
benny blanco,Eastside,24227312,2013-2020
DJ Snake,Taki Taki,40931264,2013-2020
Mike Posner,I Took A Pill In Ibiza - Seeb Remix,23018299,2013-2020
Lauv,I Like Me Better,12704967,2013-2020
Ed Sheeran,I Don't Care,58370367,2013-2020
XXXTENTACION,Moonlight,27497557,2013-2020
French Montana,Unforgettable,25652839,2013-2020
Lil Nas X,Old Town Road - Remix,36616698,2013-2020
DJ Snake,Let Me Love You,32792765,2013-2020
5 Seconds of Summer,Youngblood,22841733,2013-2020
Calvin Harris,One Kiss,30380257,2013-2020
Drake,In My Feelings,67499798,2013-2020
Billie Eilish,lovely,14081242,2013-2020
Post Malone,Wow.,31165644,2013-2020
Major Lazer,Cold Water,39612302,2013-2020
Ava Max,Sweet but Psycho,22400542,2013-2020
Luis Fonsi,Despacito (Featuring Daddy Yankee),27082220,2013-2020
Sia,Cheap Thrills,22704478,2013-2020
Sam Smith,Too Good At Goodbyes,28527847,2013-2020
Justin Bieber,What Do You Mean?,29264063,2013-2020
Dua Lipa,IDGAF,23715748,2013-2020
Daddy Yankee,Con Calma,31111446,2013-2020
Panic! At The Disco,High Hopes,19643546,2013-2020
Post Malone,I Fall Apart,17129238,2013-2020
Zedd,The Middle,22125746,2013-2020
Bruno Mars,That's What I Like,23602385,2013-2020
Billie Eilish,when the party's over,22448428,2013-2020
Twenty One Pilots,Stressed Out,18271666,2013-2020
DJ Khaled,I'm the One,40519723,2013-2020
Shawn Mendes,Treat You Better,20386073,2013-2020
Marshmello,FRIENDS,25664581,2013-2020
Calvin Harris,This Is What You Came For,26378633,2013-2020
Justin Timberlake,"CAN'T STOP THE FEELING! (Original Song from DreamWorks Animation's ""TROLLS"")",24236034,2013-2020
J Balvin,Mi Gente,32361062,2013-2020
Alan Walker,Faded,17656352,2013-2020
John Legend,All of Me,6405273,2013-2020
Charlie Puth,Attention,22888447,2013-2020
Fifth Harmony,Work from Home,22851136,2013-2020
Dean Lewis,Be Alright,17708246,2013-2020
Lukas Graham,7 Years,21578772,2013-2020
Tyga,Taste,24591233,2013-2020
Travis Scott,goosebumps,7396104,2013-2020
Bebe Rexha,Meant to Be,14838238,2013-2020
Bad Bunny,MIA,39639615,2013-2020
Pedro Capó,Calma - Remix,23772814,2013-2020
Ariana Grande,no tears left to cry,38925971,2013-2020
ZAYN,I Don’t Wanna Live Forever (Fifty Shades Darker),30694422,2013-2020
Marshmello,Silence,20339368,2013-2020
Dynoro,In My Mind,22288306,2013-2020
Clean Bandit,Rockabye,22798862,2013-2020
Queen,Bohemian Rhapsody - Remastered 2011,18440196,2013-2020
Adele,Hello,44785665,2013-2020
Kygo,It Ain't Me,31981993,2013-2020
Rihanna,Work,33662868,2013-2020
Maroon 5,What Lovers Do,23951075,2013-2020
Anne-Marie,2002,13698716,2013-2020
Shawn Mendes,Stitches,15301964,2013-2020
Danny Ocean,Me Rehúso,13515074,2013-2020
Jonas Brothers,Sucker,34629196,2013-2020
The Weeknd,Can't Feel My Face,19390352,2013-2020
Post Malone,Circles,43379405,2013-2020
Logic,1-800-273-8255,23662238,2013-2020
Twenty One Pilots,Heathens,26546200,2013-2020
Charlie Puth,We Don't Talk Anymore,18248508,2013-2020
Desiigner,Panda,24034197,2013-2020
Ed Sheeran,Beautiful People,36721702,2013-2020
Major Lazer,Light It Up,15684172,2013-2020
Khalid,Better,21831365,2013-2020
Sam Smith,Dancing With A Stranger,23144963,2013-2020
Shawn Mendes,There's Nothing Holdin' Me Back,22413521,2013-2020
Drake,Hotline Bling,20870154,2013-2020
Drake,Nice For What,41781391,2013-2020
Khalid,Young Dumb & Broke,15871063,2013-2020
Mark Ronson,Uptown Funk,15350322,2013-2020
Zedd,Stay,23118329,2013-2020
Selena Gomez,Wolves,24355051,2013-2020
Future,Mask Off,25847893,2013-2020
Martin Garrix,In the Name of Love,21797864,2013-2020
Nio Garcia,Te Boté - Remix,19829896,2013-2020
The Weeknd,I Feel It Coming,22658206,2013-2020
Billie Eilish,bury a friend,35408536,2013-2020
Sam Smith,Stay With Me,8537137,2013-2020
G-Eazy,"Me, Myself & I",17839641,2013-2020
Clean Bandit,Symphony,21433880,2013-2020
Jason Derulo,Swalla,21809411,2013-2020
BlocBoy JB,Look Alive,22486856,2013-2020
Zara Larsson,Lush Life,12272269,2013-2020
Post Malone,Goodbyes (Feat. Young Thug),37067320,2013-2020
DNCE,Cake By The Ocean,15222959,2013-2020
Clean Bandit,Solo,24095921,2013-2020
Hozier,Take Me To Church,13212580,2013-2020
Drake,Too Good,19402522,2013-2020
Anuel Aa,China,33436706,2013-2020
Ed Sheeran,Galway Girl,31063488,2013-2020
Hailee Steinfeld,Starving,16495002,2013-2020
The Weeknd,The Hills,14363491,2013-2020
Ariana Grande,Side To Side,20877291,2013-2020
Twenty One Pilots,Ride,15813811,2013-2020
Khalid,Location,11072906,2013-2020
Mariah Carey,All I Want for Christmas Is You,45828931,2013-2020
Julia Michaels,Issues,18886951,2013-2020
The Chainsmokers,Paris,28872070,2013-2020
Ed Sheeran,Castle on the Hill,35059860,2013-2020
Bruno Mars,24K Magic,20739017,2013-2020
Calvin Harris,Promises,23666223,2013-2020
Jack Ü,Where Are Ü Now,11738161,2013-2020
Bad Bunny,Callaita,22380052,2013-2020
Lil Tecca,Ransom,27574962,2013-2020
Axwell /\ Ingrosso,More Than You Know,16550135,2013-2020
Meek Mill,Going Bad,17883199,2013-2020
Demi Lovato,Sorry Not Sorry,19545702,2013-2020
Sia,Chandelier,8493093,2013-2020
XXXTENTACION,Fuck Love,16680157,2013-2020
DJ Khaled,Wild Thoughts,31981224,2013-2020
Lil Nas X,Old Town Road,30103989,2013-2020
Kendrick Lamar,All The Stars,31352011,2013-2020
Portugal. The Man,Feel It Still,14096574,2013-2020
XXXTENTACION,changes,23766098,2013-2020
Loud Luxury,Body,16136787,2013-2020
Jonas Blue,Fast Car,16501675,2013-2020
Liam Payne,Strip That Down,20399177,2013-2020
J. Cole,MIDDLE CHILD,33187464,2013-2020
NF,Let You Down,19989871,2013-2020
ZAYN,Dusk Till Dawn,22579858,2013-2020
ZAYN,PILLOWTALK,27477356,2013-2020
Rudimental,These Days,19683315,2013-2020
Martin Garrix,Scared to Be Lonely,22668956,2013-2020
Drake,Passionfruit,32507239,2013-2020
Maroon 5,Memories,31572344,2013-2020
Wiz Khalifa,See You Again,21852951,2013-2020
The Chainsmokers,Roses,14398355,2013-2020
Nicky Jam,X,25335647,2013-2020
Khalid,Love Lies,20042219,2013-2020
gnash,"i hate u, i love u",13840077,2013-2020
Ed Sheeran,Happier,23545568,2013-2020
Drake,Fake Love,18569220,2013-2020
Kodak Black,ZEZE,29095302,2013-2020
Lizzo,Truth Hurts,16286337,2013-2020
Bazzi,Mine,23681960,2013-2020
Offset,Ric Flair Drip (& Metro Boomin),10965630,2013-2020
Starley,Call On Me - Ryan Riback Extended Remix,16885441,2013-2020
Maluma,Felices los 4,17123191,2013-2020
Calvin Harris,Feels,23208440,2013-2020
Robin Schulz,Sugar,10750515,2013-2020
Y2K,Lalala,23833624,2013-2020
Maroon 5,Sugar,13080140,2013-2020
Luis Fonsi,Échame La Culpa,19056515,2013-2020
Jonas Blue,Mama,18912803,2013-2020
Maroon 5,Don't Wanna Know,21063863,2013-2020
Rihanna,Needed Me,13619575,2013-2020
Drake,Nonstop,43697135,2013-2020
Lil Baby,Drip Too Hard (Lil Baby & Gunna),16365307,2013-2020
Sam Smith,How Do You Sleep?,22140829,2013-2020
Clean Bandit,Rather Be,8491112,2013-2020
MEDUZA,Piece Of Your Heart,16900857,2013-2020
Shawn Mendes,If I Can't Have You,28103423,2013-2020
21 Savage,Bank Account,14030108,2013-2020
DJ Snake,Middle,14182166,2013-2020
Paulo Londra,Adan y Eva,17547601,2013-2020
Ariana Grande,"break up with your girlfriend, i'm bored",54707620,2013-2020
Jonas Blue,Perfect Strangers,17072020,2013-2020
Childish Gambino,Redbone,11798468,2013-2020
Sheck Wes,Mo Bamba,17459536,2013-2020
Hailee Steinfeld,Let Me Go,14630730,2013-2020
Calvin Harris,How Deep Is Your Love,13109875,2013-2020
Jonas Blue,Rise,20761497,2013-2020
OneRepublic,Counting Stars,5067704,2013-2020
Avicii,Wake Me Up,20549219,2013-2020
David Guetta,2U,30303727,2013-2020
Mabel,Don't Call Me Up,17704582,2013-2020
Shakira,Chantaje,16232454,2013-2020
Alec Benjamin,Let Me Down Slowly,14487348,2013-2020
Travis Scott,BUTTERFLY EFFECT,12187233,2013-2020
Selena Gomez,Back To You,24186683,2013-2020
Passenger,Let Her Go,3944815,2013-2020
Jhay Cortez,No Me Conoce - Remix,14989110,2013-2020
Fetty Wap,Trap Queen,10544238,2013-2020
DJ Snake,Loco Contigo,20067945,2013-2020
Ellie Goulding,Love Me Like You Do,19080054,2013-2020
Shawn Mendes,Mercy,13031872,2013-2020
Khalid,Talk,18389998,2013-2020
Ozuna,Vaina Loca,16043684,2013-2020
Calvin Harris,Slide,18367402,2013-2020
6ix9ine,FEFE,31741382,2013-2020
Migos,Bad and Boujee,18866776,2013-2020
Rae Sremmurd,Black Beatles,32026901,2013-2020
Arizona Zervas,ROXANNE,34104838,2013-2020
Drake,Money In The Grave (Drake ft. Rick Ross),25117868,2013-2020
J Balvin,LA CANCIÓN,15922336,2013-2020
Tiësto,Jackie Chan,21601280,2013-2020
Lunay,Soltera - Remix,19467987,2013-2020
Kygo,Firestone,8534894,2013-2020
ROSALÍA,Con Altura,12456504,2013-2020
Eminem,Lose Yourself,4391774,2013-2020
Oasis,Wonderwall - Remastered,4687079,2013-2020
Ariana Grande,Into You,15071769,2013-2020
Post Malone,White Iverson,6058616,2013-2020
Natti Natasha,Criminal,12517942,2013-2020
Calvin Harris,My Way,19655559,2013-2020
Lauv,i'm so tired...,15889051,2013-2020
Wham!,Last Christmas,37725693,2013-2020
Jason Derulo,Want to Want Me,13288062,2013-2020
Imagine Dragons,Natural,14639164,2013-2020
OMI,Cheerleader (Felix Jaehn Remix),13557794,2013-2020
Lil Nas X,Panini,24238981,2013-2020
Zara Larsson,Never Forget You,10871263,2013-2020
Ariana Grande,God is a woman,29847494,2013-2020
XXXTENTACION,Look At Me!,11076255,2013-2020
Sech,Otro Trago,25377792,2013-2020
Galantis,No Money,17305382,2013-2020
Shawn Mendes,In My Blood,21904395,2013-2020
Imagine Dragons,Radioactive,3353347,2013-2020
Cheat Codes,Sex,16271653,2013-2020
Travis Scott,HIGHEST IN THE ROOM,48161108,2013-2020
Wisin,Escápate Conmigo,10495140,2013-2020
Post Malone,Candy Paint,17508038,2013-2020
Mike Perry,The Ocean,14759290,2013-2020
Zion & Lennox,Otra vez,7496050,2013-2020
Dennis Lloyd,Nevermind,15423526,2013-2020
Lil Wayne,Sucker For Pain,18557325,2013-2020
KYLE,iSpy,14064647,2013-2020
Queen,Don't Stop Me Now - Remastered,9119911,2013-2020
Vance Joy,Riptide,5217839,2013-2020
Lil Pump,Gucci Gang,23269004,2013-2020
Eminem,River,29880509,2013-2020
Queen,Another One Bites The Dust - Remastered 2011,11262150,2013-2020
Chris Brown,No Guidance,18038661,2013-2020
Drake,Jumpman,8120994,2013-2020
DRAM,Broccoli,10613142,2013-2020
Kendrick Lamar,DNA.,30933703,2013-2020
Avicii,SOS,28587934,2013-2020
Camila Cabello,Never Be the Same,22147865,2013-2020
Maggie Lindemann,Pretty Girl - Cheat Codes X CADE Remix,14719156,2013-2020
Martin Jensen,Solo Dance,12133568,2013-2020
Anuel Aa,Secreto,20003882,2013-2020
A Boogie Wit da Hoodie,Swervin,14029976,2013-2020
Drake,Controlla,11928894,2013-2020
blackbear,hot girl bummer,20814917,2013-2020
Becky G,Sin Pijama,15017587,2013-2020
Cardi B,Bodak Yellow,14718755,2013-2020
Jessie J,Bang Bang,7863797,2013-2020
Flo Rida,My House,12794270,2013-2020
Imagine Dragons,Demons,4612466,2013-2020
Ellie Goulding,Close To Me,13523043,2013-2020
Ali Gatie,It's You,13084417,2013-2020
Kygo,Stole the Show,11026528,2013-2020
Dua Lipa,Don't Start Now,29149812,2013-2020
Kygo,Stay,11818636,2013-2020
Reik,Me Niego,13488299,2013-2020
Katy Perry,Dark Horse,7952065,2013-2020
Kendrick Lamar,LOVE. FEAT. ZACARI.,18211340,2013-2020
Selena Gomez,Lose You To Love Me,47227738,2013-2020
Ed Sheeran,Perfect Duet (Ed Sheeran & Beyoncé),26494583,2013-2020
Young Thug,The London,22075360,2013-2020
Avicii,Lonely Together,13456689,2013-2020
Avicii,Without You,17362815,2013-2020
XXXTENTACION,Everybody Dies In Their Nightmares,14237794,2013-2020
Macklemore,Glorious,17664071,2013-2020
Kanye West,I Love It (& Lil Pump),36147990,2013-2020
Coldplay,A Sky Full of Stars,6911681,2013-2020
FRENSHIP,Capsize,12067883,2013-2020
Justin Bieber,Friends,26564864,2013-2020
Kiiara,Gold,9706023,2013-2020
Avicii,Waiting For Love,15652092,2013-2020
The Weeknd,Call Out My Name,40628023,2013-2020
Dalex,Pa Mí - Remix,15702075,2013-2020
R. City,Locked Away,12867274,2013-2020
Mau y Ricky,Desconocidos,11759133,2013-2020
Niall Horan,Slow Hands,12784854,2013-2020
Calvin Harris,Summer,9482413,2013-2020
Coldplay,Adventure of a Lifetime,11783995,2013-2020
The Weeknd,Earned It (Fifty Shades Of Grey),12514101,2013-2020
Cheat Codes,No Promises,14505601,2013-2020
WALK THE MOON,Shut Up and Dance,8167860,2013-2020
Daddy Yankee,Dura,18341763,2013-2020
Bazzi,Beautiful,12052133,2013-2020
George Ezra,Shotgun,11231503,2013-2020
Gucci Mane,Wake Up in the Sky,13354462,2013-2020
Taylor Swift,Look What You Made Me Do,44480002,2013-2020
Piso 21,Déjala que vuelva,11322485,2013-2020
Adele,Send My Love (To Your New Lover),13584892,2013-2020
Billie Eilish,wish you were gay,28662157,2013-2020
Coldplay,Hymn for the Weekend - Seeb Remix,13870439,2013-2020
The Black Eyed Peas,RITMO (Bad Boys For Life),23528266,2013-2020
The Chainsmokers,All We Know,17934292,2013-2020
Enrique Iglesias,SUBEME LA RADIO,13553135,2013-2020
Calvin Harris,Blame,12294095,2013-2020
Ozuna,Baila Baila Baila,16997583,2013-2020
Taylor Swift,You Need To Calm Down,27274424,2013-2020
MAGIC!,Rude,9786082,2013-2020
Kungs,This Girl - Kungs Vs. Cookin' On 3 Burners,15731347,2013-2020
Karol G,Tusa,41434019,2013-2020
Maluma,11 PM,12291848,2013-2020
Nicky Jam,El Perdón,7326481,2013-2020
Flume,Never Be Like You,9239841,2013-2020
CNCO,Reggaetón Lento (Bailemos),10206700,2013-2020
Coldplay,Hymn for the Weekend,10256893,2013-2020
Maluma,Corazón,13766534,2013-2020
DaBaby,Suge,12831493,2013-2020
Maluma,HP,15445245,2013-2020
Ed Sheeran,South of the Border,20785809,2013-2020
Alessia Cara,Scars To Your Beautiful,10462379,2013-2020
XXXTENTACION,Arms Around You,26157297,2013-2020
Jason Mraz,I'm Yours,5127210,2013-2020
Enrique Iglesias,DUELE EL CORAZON,10604406,2013-2020
Lil Dicky,Freaky Friday,23545449,2013-2020
MØ,Final Song,13084996,2013-2020
Big Sean,Bounce Back,13223799,2013-2020
A$AP Rocky,Praise The Lord (Da Shine),13341403,2013-2020
Regard,Ride It,17371573,2013-2020
Lil Baby,Yes Indeed,16713448,2013-2020
Pitbull,Timber,6968180,2013-2020
Martin Garrix,There for You,16703242,2013-2020
Charlie Puth,How Long,14554590,2013-2020
Harry Styles,Sign of the Times,18365320,2013-2020
Nicky Jam,Te Robaré,12171705,2013-2020
Bruno Mars,Finesse - Remix feat. Cardi B,20387864,2013-2020
Billie Eilish,everything i wanted,40323676,2013-2020
G-Eazy,Him & I,19156433,2013-2020
Selena Gomez,Good For You,10262365,2013-2020
Anuel Aa,Ella Quiere Beber - Remix,11131112,2013-2020
David Guetta,Flames,14405289,2013-2020
Lil Peep,Falling Down - Bonus Track,32511658,2013-2020
Billie Eilish,ocean eyes,6591565,2013-2020
Calvin Harris,Giant,14833347,2013-2020
Imagine Dragons,Whatever It Takes,8662342,2013-2020
Felix Jaehn,Ain't Nobody (Loves Me Better),8602659,2013-2020
Becky G,Mayores,10392546,2013-2020
Clean Bandit,I Miss You,12939221,2013-2020
Anitta,Downtown,12734008,2013-2020
BTS,Boy With Luv,31340590,2013-2020
Imagine Dragons,Bad Liar,15444402,2013-2020
Ozuna,Se Preparó,11079041,2013-2020
Mr. Probz,Waves - Robin Schulz Radio Edit,7253925,2013-2020
6ix9ine,BEBE,15167729,2013-2020
Macklemore & Ryan Lewis,Can't Hold Us,4780310,2013-2020
Toto,Africa,4927781,2013-2020
Chris Jeday,Ahora Dice,9557956,2013-2020
James Bay,Let It Go,4186310,2013-2020
Marshmello,Here With Me,16095016,2013-2020
Meghan Trainor,All About That Bass,10717542,2013-2020
Dominic Fike,3 Nights,9924129,2013-2020
Bad Bunny,Sensualidad,12487991,2013-2020
Nicky Jam,El Amante,10699820,2013-2020
Michael Bublé,It's Beginning to Look a Lot Like Christmas,25997383,2013-2020
Khalid,Saturday Nights,14560398,2013-2020
Ariana Grande,Santa Tell Me,27506141,2013-2020
Louis Tomlinson,Back to You,17094543,2013-2020
Ed Sheeran,I See Fire,4551384,2013-2020
One Direction,Drag Me Down,17373478,2013-2020
Rita Ora,Your Song,12547789,2013-2020
Sofia Reyes,"1, 2, 3",11428399,2013-2020
Kygo,Higher Love,13369617,2013-2020
David Guetta,Bang My Head,10486838,2013-2020
J Balvin,QUE PRETENDES,17357042,2013-2020
Ariana Grande,breathin,25997814,2013-2020
Calvin Harris,Outside,8370861,2013-2020
DJ Luian,Verte Ir,12586861,2013-2020
Jax Jones,You Don't Know Me,15002138,2013-2020
Selena Gomez,Hands To Myself,12292984,2013-2020
Alessia Cara,How Far I'll Go,13543940,2013-2020
A Boogie Wit da Hoodie,Look Back At It,15088372,2013-2020
Fetty Wap,679,9291126,2013-2020
Billie Eilish,idontwannabeyouanymore,7849228,2013-2020
Ariana Grande,Problem,7890249,2013-2020
Lost Frequencies,Are You With Me,8857030,2013-2020
Flo Rida,GDFR,9333191,2013-2020
Maroon 5,Maps,8328898,2013-2020
Katy Perry,Never Really Over,19261920,2013-2020
Migos,Walk It Talk It,14695037,2013-2020
YNW Melly,Murder On My Mind,16272850,2013-2020
DJ Khaled,No Brainer,27708887,2013-2020
Trevor Daniel,Falling,29014454,2013-2020
Kygo,Stargazing,14648618,2013-2020
Pharrell Williams,Happy,6678956,2013-2020
Lukas Graham,Love Someone,8993351,2013-2020
J Balvin,Bonita,9583163,2013-2020
Lilly Wood and The Prick,Prayer in C - Robin Schulz Radio Edit,6828745,2013-2020
Lady Gaga,Always Remember Us This Way,10609476,2013-2020
Katy Perry,Chained To The Rhythm,21872281,2013-2020
Nico & Vinz,Am I Wrong,6303006,2013-2020
Ellie Goulding,On My Mind,12769261,2013-2020
Queen,Under Pressure - Remastered,8823104,2013-2020
Paulo Londra,Tal Vez,13246024,2013-2020
P!nk,What About Us,14750631,2013-2020
J Balvin,No Es Justo,12339454,2013-2020
Sech,Otro Trago - Remix,20076277,2013-2020
David Guetta,This One's for You,16766892,2013-2020
The Weeknd,Blinding Lights,37841717,2013-2020
Manuel Turizo,Una Lady Como Tú,9818595,2013-2020
Fifth Harmony,Worth It,8538491,2013-2020
Juice WRLD,Robbery,16634927,2013-2020
Ariana Grande,Break Free,9101875,2013-2020
Mustard,Pure Water,11041777,2013-2020
Tainy,Adicto,12995071,2013-2020
Juice WRLD,All Girls Are The Same,9718306,2013-2020
Future,Low Life,7228219,2013-2020
G-Eazy,No Limit,14134442,2013-2020
Ariana Grande,Dangerous Woman,14064403,2013-2020
J. Cole,No Role Modelz,3883679,2013-2020
Miley Cyrus,Malibu,21768525,2013-2020
Martin Garrix,Summer Days,15428634,2013-2020
Galantis,Runaway (U & I),4898044,2013-2020
David Guetta,Hey Mama,12188020,2013-2020
Bastille,Pompeii,4075094,2013-2020
Dan + Shay,"10,000 Hours",26054266,2013-2020
Machine Gun Kelly,Bad Things - With Camila Cabello,14773524,2013-2020
Flipp Dinero,Leave Me Alone,11045665,2013-2020
Rich The Kid,Plug Walk,14913401,2013-2020
Eminem,Lucky You,34874403,2013-2020
Martin Garrix,Ocean,18993111,2013-2020
Sia,Elastic Heart,8781820,2013-2020
Maroon 5,Animals,8076199,2013-2020
J Balvin,Safari,7832658,2013-2020
Ricky Martin,Vente Pa' Ca,7207223,2013-2020
ROSALÍA,"Yo x Ti, Tu x Mi",15070652,2013-2020
Ozuna,Síguelo Bailando,9646227,2013-2020
Rita Ora,Let You Love Me,12483237,2013-2020
Joel Adams,Please Don't Go,11124755,2013-2020
Juice WRLD,Bandit,17067491,2013-2020
Rihanna,FourFiveSeconds,16027911,2013-2020
The Vamps,All Night,12049520,2013-2020
Steve Aoki,Just Hold On,15149705,2013-2020
Alok,Hear Me Now,11140846,2013-2020
Becky G,Cuando Te Besé,9886882,2013-2020
Sam Hunt,Body Like A Back Road,6935836,2013-2020
Maroon 5,Cold,15865523,2013-2020
Camilo,Tutu,14331450,2013-2020
Mark Ronson,Nothing Breaks Like a Heart,13877896,2013-2020
Migos,Slippery,6380929,2013-2020
Kent Jones,Don't Mind,13787675,2013-2020
The Weeknd,Pray For Me,22614831,2013-2020
AJR,Weak,11864437,2013-2020
Ariana Grande,boyfriend,31301265,2013-2020
Pitbull,Time of Our Lives,8897197,2013-2020
21 Savage,a lot,16289065,2013-2020
Ed Sheeran,Don't,5676251,2013-2020
The Chainsmokers,This Feeling,13756039,2013-2020
Taylor Swift,ME!,18447537,2013-2020
Silk City,Electricity,15978272,2013-2020
Camila Cabello,Liar,14686481,2013-2020
Carlos Vives,La Bicicleta,5853593,2013-2020
The Chainsmokers,Takeaway,12667051,2013-2020
Roddy Ricch,The Box,48937592,2013-2020
Wolfine,Bella,12354627,2013-2020
The Chainsmokers,Who Do You Love,14072352,2013-2020
Anuel Aa,Amanece,10600299,2013-2020
Charlie Puth,Marvin Gaye,7806400,2013-2020
Ariana Grande,One Last Time,7702106,2013-2020
Dante Klein,Let Me Hold You (Turn Me On),12086971,2013-2020
Kygo,Remind Me to Forget,12515053,2013-2020
Migos,Stir Fry,15232093,2013-2020
Drake,Don’t Matter To Me,43314851,2013-2020
Zion & Lennox,La Player (Bandolera),8532826,2013-2020
Polo G,Pop Out,11314759,2013-2020
Nacho,Báilame - Remix,7574934,2013-2020
Rita Ora,Anywhere,10477243,2013-2020
Dua Lipa,Kiss and Make Up,15971199,2013-2020
Halsey,Now Or Never,12920355,2013-2020
Kygo,Born To Be Yours,13905970,2013-2020
Shawn Mendes,Lost In Japan,13124790,2013-2020
Kygo,First Time,16614825,2013-2020
Childish Gambino,This Is America,34989790,2013-2020
The Chainsmokers,Call You Mine,15398512,2013-2020
Rudimental,Lay It All on Me,8560701,2013-2020
David Guetta,Say My Name,7603228,2013-2020
Bebe Rexha,I'm a Mess,8415994,2013-2020
A$AP Ferg,Plain Jane,10167689,2013-2020
Post Malone,Go Flex,8195550,2013-2020
OneRepublic,Rescue Me,11420849,2013-2020
Selena Gomez,Bad Liar,21906196,2013-2020
Piso 21,Te Vi,9809358,2013-2020
Ava Max,So Am I,11011053,2013-2020
Selena Gomez,Same Old Love,9262867,2013-2020
Iggy Azalea,Fancy,7546352,2013-2020
Jonas Brothers,Only Human,12051256,2013-2020
Aminé,Caroline,8370040,2013-2020
Harry Styles,Lights Up,26362706,2013-2020
Billie Eilish,you should see me in a crown,18860942,2013-2020
Timeflies,Once In a While,8970838,2013-2020
Lorde,Royals,5902632,2013-2020
Khalid,OTW,12410529,2013-2020
Post Malone,Take What You Want,27875018,2013-2020
Andy Williams,It's the Most Wonderful Time of the Year,23412959,2013-2020
Charlie Puth,One Call Away,9043713,2013-2020
Anuel Aa,Sola (Remix),5509589,2013-2020
Maluma,Borro Cassette,3538813,2013-2020
Nick Jonas,Close,11400512,2013-2020
Daddy Yankee,Adictiva,10882484,2013-2020
Flo Rida,"I Don't Like It, I Love It",8755532,2013-2020
Carlos Vives,Robarte un Beso,7004001,2013-2020
CNCO,Hey DJ,8759763,2013-2020
Bryson Tiller,Don't,6334569,2013-2020
Brenda Lee,Rockin' Around The Christmas Tree,24401078,2013-2020
Daddy Yankee,La Rompe Corazones,6121850,2013-2020
Sam Smith,Too Good At Goodbyes - Edit,30706135,2013-2020
Selena Gomez,Kill Em With Kindness,12791228,2013-2020
Deorro,Five More Hours - Deorro x Chris Brown,7687290,2013-2020
Keala Settle,This Is Me,12318355,2013-2020
Troye Sivan,YOUTH,7728959,2013-2020
Piso 21,Me Llamas,5308014,2013-2020
Alessia Cara,Here,7816018,2013-2020
Major Lazer,Know No Better,12632455,2013-2020
Avicii,Hey Brother,13532381,2013-2020
OMI,Cheerleader - Felix Jaehn Remix Radio Edit,8657981,2013-2020
Rauw Alejandro,Fantasias,12613248,2013-2020
Alex Sensation,Que Va,8180443,2013-2020
Justin Bieber,Mistletoe,20802468,2013-2020
Gucci Mane,I Get The Bag,9649817,2013-2020
Zac Efron,Rewrite The Stars,13767744,2013-2020
Famous Dex,PICK IT UP,7738660,2013-2020
Camila Cabello,Crying in the Club,12362727,2013-2020
David Guetta,Like I Do,13691658,2013-2020
Milky Chance,Stolen Dance,5886704,2013-2020
BLACKPINK,Kill This Love,25341137,2013-2020
Sia,The Greatest,21392605,2013-2020
Kendrick Lamar,LOYALTY. FEAT. RIHANNA.,22546126,2013-2020
Migos,T-Shirt,9681183,2013-2020
Snakehips,All My Friends,7648380,2013-2020
Zara Larsson,Ruin My Life,12387820,2013-2020
Major Lazer,Run Up,13789550,2013-2020
Sia,The Greatest,20550436,2013-2020
French Montana,No Stylist,12894471,2013-2020
DaBaby,BOP,15678826,2013-2020
Bobby Helms,Jingle Bell Rock,24951120,2013-2020
Ed Sheeran,Cross Me,19742322,2013-2020
Sebastian Yatra,Traicionera,5324707,2013-2020
Daya,Hide Away,8051377,2013-2020
Justin Timberlake,Say Something,12836798,2013-2020
Kodak Black,Tunnel Vision,10718629,2013-2020
Marshmello,One Thing Right,12498236,2013-2020
Rihanna,Bitch Better Have My Money,6936109,2013-2020
Alesso,Heroes (we could be),7138967,2013-2020
Sia,Thunderclouds,12055103,2013-2020
Tove Lo,Cool Girl,11477311,2013-2020
Sam Feldt,Post Malone,8990462,2013-2020
"Tyler, The Creator",EARFQUAKE,22055401,2013-2020
Jay Rock,King's Dead,12530784,2013-2020
Band Aid,Do They Know It's Christmas? - 1984 Version,20989282,2013-2020
Migos,MotorSport,10910672,2013-2020
SHAED,Trampoline,14071254,2013-2020
Kodak Black,Roll In Peace,6161080,2013-2020
J Balvin,Sigo Extrañándote,6775494,2013-2020
Hailee Steinfeld,Most Girls,8555977,2013-2020
Alan Walker,On My Way,11307170,2013-2020
Adele,When We Were Young,9467843,2013-2020
Lauv,"fuck, i'm lonely",12502607,2013-2020
The Chainsmokers,Sick Boy,15514241,2013-2020
One Direction,Perfect,14340193,2013-2020
Taylor Swift,Lover,29990567,2013-2020
Ellie Goulding,Hate Me,11007915,2013-2020
David Guetta,Dangerous,9917577,2013-2020
Drake,I'm Upset,28743698,2013-2020
The Killers,Mr. Brightside,4632725,2013-2020
Drake,Portland,18349259,2013-2020
Halsey,Graveyard,13583667,2013-2020
Billie Eilish,all the good girls go to hell,21263958,2013-2020
Eminem,The Monster,9448084,2013-2020
Jon Bellion,All Time Low,11324808,2013-2020
Lil Xan,Betrayed,7758555,2013-2020
Shakira,Clandestino,10333670,2013-2020
Kina,Get You The Moon,6895350,2013-2020
JP Cooper,September Song,8421372,2013-2020
Alessia Cara,Wild Things,8564900,2013-2020
XXXTENTACION,the remedy for a broken heart (why am I so in love),13521112,2013-2020
Billie Eilish,i love you,15560959,2013-2020
Luis Fonsi,Imposible,8466082,2013-2020
Lil Mosey,Noticed,10196053,2013-2020
Rag'n'Bone Man,Human,6934906,2013-2020
Cardi B,Money,9714415,2013-2020
Avicii,The Nights,11612203,2013-2020
Meghan Trainor,NO,12512265,2013-2020
Justin Bieber,Company,9266436,2013-2020
Kanye West,Famous,12718673,2013-2020
A Boogie Wit da Hoodie,Drowning,5739379,2013-2020
Marc E. Bassy,You & Me,9817798,2013-2020
KYLE,Playinwitme,11789806,2013-2020
Danny Ocean,Dembow,7435864,2013-2020
Coldplay,Magic,6090356,2013-2020
Ariana Grande,Love Me Harder,7221579,2013-2020
Ed Sheeran,Sing,6391541,2013-2020
OneRepublic,Wherever I Go,9301348,2013-2020
Shawn Mendes,I Know What You Did Last Summer,9040377,2013-2020
Bazzi,I.F.L.Y.,9546812,2013-2020
Flume,Say It,6327930,2013-2020
Travis Scott,STARGAZING,30434014,2013-2020
Joey Montana,Suena El Dembow,6901800,2013-2020
Alan Walker,All Falls Down,8009107,2013-2020
Hailee Steinfeld,Love Myself,6796031,2013-2020
Chance the Rapper,No Problem,4980819,2013-2020
Sam Smith,I'm Not The Only One,8452834,2013-2020
Jason Derulo,Tip Toe,9943095,2013-2020
Burak Yeter,Tuesday,7971251,2013-2020
George Ezra,Budapest,3786016,2013-2020
Sebastian Yatra,Ya No Tiene Novio,7883355,2013-2020
Zara Larsson,Ain't My Fault,11800265,2013-2020
Fifth Harmony,All In My Head (Flex),9531990,2013-2020
Billie Eilish,bellyache,7463975,2013-2020
Bazzi,Paradise,12160715,2013-2020
John Legend,Love Me Now,10098705,2013-2020
YNW Melly,223's,12075982,2013-2020
Echosmith,Cool Kids,5889234,2013-2020
Silentó,Watch Me (Whip / Nae Nae),7636537,2013-2020
Rae Sremmurd,Swang,6355205,2013-2020
Sean Paul,Mad Love,10820284,2013-2020
Rob $tone,Chill Bill,6029364,2013-2020
Disclosure,Latch,4212371,2013-2020
Bad Bunny,Vete,21654855,2013-2020
The Weeknd,Party Monster,20680768,2013-2020
Selena Gomez,Fetish,19979354,2013-2020
Ariana Grande,imagine,22191327,2013-2020
Zedd,Happy Now,12682196,2013-2020
Jason Derulo,Wiggle,7977611,2013-2020
Robin Schulz,OK,7673376,2013-2020
Post Malone,Saint-Tropez,30900415,2013-2020
Andy Grammer,Fresh Eyes,9398900,2013-2020
Frank Sinatra,Let It Snow! Let It Snow! Let It Snow!,19911738,2013-2020
Jonas Blue,By Your Side,9731668,2013-2020
Lost Frequencies,Reality,6105987,2013-2020
Bad Bunny,Amorfoda,20012260,2013-2020
Playboi Carti,Magnolia,7604634,2013-2020
Sean Paul,Contra La Pared,8566614,2013-2020
Nicky Jam,Hasta el Amanecer,4702381,2013-2020
Robin Schulz,Shed a Light,10513447,2013-2020
Harry Styles,Watermelon Sugar,21814400,2013-2020
Sebastian Yatra,Un Año,9499562,2013-2020
James Bay,Hold Back The River,6371196,2013-2020
Lewis Capaldi,Bruises,7561281,2013-2020
Sech,Que Mas Pues - Remix,7876971,2013-2020
Juice WRLD,Armed And Dangerous,11478075,2013-2020
Lorde,Green Light,15782320,2013-2020
MEDUZA,Lose Control,12583387,2013-2020
Romeo Santos,Bella y Sensual,5349855,2013-2020
Pitbull,Hey Ma,7834318,2013-2020
Maluma,Mala Mía,8660335,2013-2020
Anne-Marie,Alarm,8506278,2013-2020
Cosculluela,Madura,7201942,2013-2020
YG,Go Loko,11201316,2013-2020
Meghan Trainor,Like I'm Gonna Lose You,5828666,2013-2020
Drake,"Hold On, We're Going Home",4524152,2013-2020
Post Malone,Ball For Me,21648376,2013-2020
Liam Payne,For You (Fifty Shades Freed) (& Rita Ora),13208405,2013-2020
John Lennon,Happy Xmas (War Is Over) - Remastered,21367029,2013-2020
NEIKED,Sexual,7798359,2013-2020
Cardi B,Bartier Cardi,13417677,2013-2020
Jason Derulo,Talk Dirty,4465856,2013-2020
Travis Scott,YOSEMITE,14805515,2013-2020
Maluma,El Préstamo,8568607,2013-2020
Sam Smith,I'm Not The Only One,4413260,2013-2020
Justin Bieber,I'll Show You,16202263,2013-2020
Little Mix,Woman Like Me,13304136,2013-2020
Shakira,Perro Fiel,9130643,2013-2020
Harry Styles,Adore You,25393341,2013-2020
X Ambassadors,Renegades,5231323,2013-2020
Daddy Yankee,Dura - Remix,8594481,2013-2020
Rae Sremmurd,Powerglide,9616734,2013-2020
J Balvin,Reggaeton,7566171,2013-2020
Becky G,Bubalu,7779098,2013-2020
Reik,Amigos Con Derechos,7746544,2013-2020
Blueface,Thotiana,14588485,2013-2020
Sigala,Easy Love,8129356,2013-2020
Enrique Iglesias,EL BAÑO,10432928,2013-2020
Iggy Azalea,Black Widow,7308886,2013-2020
Kygo,Happy Now,10974050,2013-2020
Reik,Indeciso,8083484,2013-2020
Eminem,'Till I Collapse,4582126,2013-2020
21 Savage,X,5135526,2013-2020
Lizzo,Good As Hell,10254273,2013-2020
Ellie Goulding,Burn,3862233,2013-2020
IAmChino,Ay Mi Dios,5387559,2013-2020
Martin Garrix,So Far Away,9799207,2013-2020
Coldplay,The Scientist,3795147,2013-2020
Zara Larsson,I Would Like,10484579,2013-2020
Little Mix,Touch,7656418,2013-2020
Rihanna,Love On The Brain,6981516,2013-2020
The Weeknd,Heartless,28298094,2013-2020
J Balvin,Ginza,5732521,2013-2020
Logic,Everyday,16130395,2013-2020
Katy Perry,Swish Swish,10921671,2013-2020
Ariana Grande,Focus,12208662,2013-2020
Karol G,Culpables,6823544,2013-2020
Justin Bieber,Yummy,38715310,2013-2020
Carly Rae Jepsen,I Really Like You,7684232,2013-2020
Katy Perry,Roar,5549675,2013-2020
Enrique Iglesias,Bailando - Spanish Version,3132780,2013-2020
Beyoncé,7/11,5440544,2013-2020
Drake,Signs,15924680,2013-2020
Bebe Rexha,I Got You,7079065,2013-2020
Halsey,Bad At Love,7147419,2013-2020
Cardi B,Please Me,16331768,2013-2020
Little Mix,Shout Out to My Ex,13092597,2013-2020
XXXTENTACION,BAD!,22370036,2013-2020
David Guetta,Bad,7673364,2013-2020
Sia,Cheap Thrills,5068632,2013-2020
Sage The Gemini,Now and Later,10654068,2013-2020
Lil Uzi Vert,The Way Life Goes,9341555,2013-2020
Chino & Nacho,Andas En Mi Cabeza,3629891,2013-2020
Macklemore & Ryan Lewis,Downtown,8352728,2013-2020
Alan Walker,Alone,9173336,2013-2020
Ariana Grande,Don’t Call Me Angel (Charlie’s Angels),32667288,2013-2020
Sech,Si Te Vas,9387945,2013-2020
Billie Eilish,bad guy,21458729,2013-2020
JAY Z,Ni**as In Paris,2527335,2013-2020
Lady Gaga,The Cure,11818268,2013-2020
Taylor Swift,...Ready For It?,17763978,2013-2020
Shakira,Me Enamoré,6525973,2013-2020
Daddy Yankee,Que Tire Pa Lante,12258421,2013-2020
Famous Dex,JAPAN,10795322,2013-2020
Robin Schulz,Headlights,7022425,2013-2020
Ozuna,Solita,6811201,2013-2020
Arctic Monkeys,Do I Wanna Know?,2269902,2013-2020
MC Fioti,Bum Bum Tam Tam,7524726,2013-2020
Michael Bublé,Holly Jolly Christmas,19721103,2013-2020
Ed Sheeran,Dive,22520144,2013-2020
Dalex,Cuaderno,8152027,2013-2020
Nicky Jam,X - Remix,11380927,2013-2020
Piso 21,Te Amo,6583634,2013-2020
Selena Gomez,Look At Her Now,21790923,2013-2020
Becky G,Shower,6395087,2013-2020
Niall Horan,This Town,12612335,2013-2020
Years & Years,King,7173514,2013-2020
Queen,Somebody To Love - Remastered 2011,9260667,2013-2020
Tove Lo,Stay High - Habits Remix,5045008,2013-2020
Lewis Capaldi,Before You Go,15653077,2013-2020
Bing Crosby,White Christmas,15643273,2013-2020
AronChupa,I'm an Albatraoz,4552106,2013-2020
Big Shaq,Man's Not Hot,10229463,2013-2020
Demi Lovato,Cool for the Summer,7826287,2013-2020
Post Malone,Paranoid,31182644,2013-2020
Sheppard,Geronimo,5387659,2013-2020
José Feliciano,Feliz Navidad,20300178,2013-2020
Drake,Pop Style,11898517,2013-2020
Bryson Tiller,Exchange,4020032,2013-2020
Adele,Water Under the Bridge,7530043,2013-2020
Myke Towers,Si Se Da,6822944,2013-2020
J Balvin,Mi Gente,15823808,2013-2020
Post Malone,Hollywood's Bleeding,28946369,2013-2020
Tove Lo,Talking Body,6208542,2013-2020
Jennifer Lopez,Ain't Your Mama,5758619,2013-2020
benny blanco,"I Can’t Get Enough (benny blanco, Selena Gomez, J Balvin, Tainy)",16111773,2013-2020
G-Eazy,Good Life,12786896,2013-2020
Sam Smith,Money On My Mind,4103335,2013-2020
Nevada,The Mack,8814434,2013-2020
Petit Biscuit,Sunset Lover,7245899,2013-2020
Post Malone,Enemies,25861671,2013-2020
Niall Horan,Too Much To Ask,11073444,2013-2020
Calvin Harris,Rollin,11604438,2013-2020
Sebastian Yatra,Por Perro,6707725,2013-2020
Alvaro Soler,La Cintura,10848362,2013-2020
Fall Out Boy,Centuries,5282344,2013-2020
Lorde,Team,3798882,2013-2020
Lil Uzi Vert,Sanguine Paradise,10891403,2013-2020
Lord Huron,The Night We Met,8362185,2013-2020
Ruth B.,Lost Boy,3787147,2013-2020
Camila Cabello,My Oh My,19300578,2013-2020
The Weeknd,In The Night,7386246,2013-2020
Khalid,Talk,17410486,2013-2020
DJ Snake,Turn Down for What,4322985,2013-2020
Mustard,Ballin',12004885,2013-2020
DaBaby,VIBEZ,9002968,2013-2020
Daddy Yankee,Vuelve,6653418,2013-2020
Ozuna,Unica,7754505,2013-2020
Meghan Trainor,Lips Are Movin,7073920,2013-2020
Future,Selfish,9935891,2013-2020
Rich Music LTD,Quizas,8814040,2013-2020
Apache 207,Roller,8395606,2013-2020
CNCO,Reggaetón Lento (Remix),7716858,2013-2020
Bruno Mars,Versace on the Floor,5137524,2013-2020
Tiësto,Wasted,5984920,2013-2020
David Guetta,Lovers on the Sun,5798766,2013-2020
Lizzo,Good As Hell,12495965,2013-2020
XXXTENTACION,Hope,10147938,2013-2020
Taylor Swift,Delicate,12788750,2013-2020
Daya,"Sit Still, Look Pretty",4595306,2013-2020
Anuel Aa,Quiere Beber,9739397,2013-2020
Kanye West,All Mine,27716117,2013-2020
Wisin,Vacaciones,5214524,2013-2020
Kesha,Praying,9957610,2013-2020
Jason Derulo,If It Ain't Love,8780099,2013-2020
Nicky Jam,Whine Up,9807122,2013-2020
The Weeknd,Often,5054030,2013-2020
Logic,Homicide,27894553,2013-2020
6ix9ine,KIKA,17735352,2013-2020
Sebastian Yatra,SUTRA,6224427,2013-2020
Jason Derulo,Trumpets,3583542,2013-2020
Joji,SLOW DANCING IN THE DARK,7237051,2013-2020
Jax Jones,Breathe,9283638,2013-2020
Miguel,Sky Walker,7143348,2013-2020
Normani,Motivation,10353406,2013-2020
Calum Scott,Dancing On My Own,4798016,2013-2020
MKTO,Classic,4790578,2013-2020
Queen,We Will Rock You - Remastered,7615977,2013-2020
Sam Smith,Have Yourself A Merry Little Christmas,14168829,2013-2020
Young Thug,pick up the phone,4277147,2013-2020
Nicki Minaj,Bed,14917808,2013-2020
Big Sean,I Don't Fuck With You,3981169,2013-2020
Avicii,The Days,7862217,2013-2020
Liam Payne,Familiar,10135185,2013-2020
Nicky Jam,Si Tú La Ves,4306871,2013-2020
Brytiago,Asesina,7188038,2013-2020
Miley Cyrus,Wrecking Ball,6033827,2013-2020
Major Lazer,Que Calor,7093193,2013-2020
OMI,Hula Hoop,6732598,2013-2020
YNW Melly,Mixed Personalities,8922507,2013-2020
OneRepublic,Rich Love,9304763,2013-2020
Tory Lanez,LUV,8807940,2013-2020
Tinie Tempah,Girls Like,5740481,2013-2020
Karol G,Créeme,6222776,2013-2020
Kygo,"Carry On (from the Original Motion Picture ""POKÉMON Detective Pikachu"")",11997661,2013-2020
Maroon 5,Wait,7246334,2013-2020
The Pogues,Fairytale of New York,12259858,2013-2020
Drake,Back To Back,3888413,2013-2020
SZA,Love Galore,6402678,2013-2020
Snakehips,Don't Leave,9379581,2013-2020
Chris Brown,Ayo,6012390,2013-2020
Fetty Wap,Again,5040302,2013-2020
Jeremy Zucker,comethru,6088886,2013-2020
One Direction,History,7159428,2013-2020
Manuel Turizo,Esclavo de Tus Besos,7761767,2013-2020
P!nk,Walk Me Home,8647234,2013-2020
Aaron Smith,Dancin,6605984,2013-2020
Hailee Steinfeld,Capital Letters,11580726,2013-2020
Drake,Gyalchester,14823651,2013-2020
Justin Quiles,DJ No Pare,6682269,2013-2020
Blanco Brown,The Git Up,7922819,2013-2020
5 Seconds of Summer,Easier,13581944,2013-2020
Chris Brown,Questions,7682316,2013-2020
J Balvin,Bobo,4385391,2013-2020
Juice WRLD,Lean Wit Me,7126666,2013-2020
Ella Henderson,Ghost,4637141,2013-2020
ZAYN,Still Got Time,9993322,2013-2020
Natalie La Rose,Somebody,5831086,2013-2020
Lunay,Aventura,8874749,2013-2020
Zay Hilfigerrr,Juju On That Beat (TZ Anthem),9428231,2013-2020
Thalía,No Me Acuerdo,7460620,2013-2020
5 Seconds of Summer,Teeth,9555911,2013-2020
Tyga,Ayy Macarena,12456752,2013-2020
Rachel Platten,Fight Song,5371926,2013-2020
Mabel,Mad Love,9823977,2013-2020
Kendrick Lamar,ELEMENT.,21832141,2013-2020
Wisin & Yandel,Aullando,6475650,2013-2020
Alex Rose,Toda - Remix,6027173,2013-2020
Drake,Sneakin’,8062614,2013-2020
David Guetta,Don't Leave Me Alone,10332824,2013-2020
Future,Life Is Good,39404104,2013-2020
R3HAB,All Around The World (La La La),9125803,2013-2020
Ozuna,Tú Foto,6466640,2013-2020
DJ Snake,You Know You Like It,6651427,2013-2020
Sebastian Yatra,Runaway,9284418,2013-2020
Bad Bunny,Solo de Mi,10172678,2013-2020
One Direction,Steal My Girl,7108569,2013-2020
Tiësto,Ritual,7660524,2013-2020
Billie Eilish,my strange addiction,18477082,2013-2020
Drake,Energy,5202432,2013-2020
Diplo,Be Right There,4000881,2013-2020
Travis Scott,Antidote,4396483,2013-2020
Joey Montana,Picky,3548551,2013-2020
ZAYN,LIKE I WOULD,10057359,2013-2020
Jess Glynne,Hold My Hand,6004857,2013-2020
Dimitri Vegas & Like Mike,Instagram,7098297,2013-2020
Kodak Black,Codeine Dreaming,8413714,2013-2020
Don Toliver,No Idea,13905621,2013-2020
Dalex,Hola - Remix,12805722,2013-2020
Kehlani,Nights Like This,11568466,2013-2020
Dawin,Dessert,4069007,2013-2020
Lil Mosey,Stuck In A Dream,10615406,2013-2020
Astrid S,Hurts So Good,4577312,2013-2020
Jason Derulo,Goodbye,9914855,2013-2020
Post Malone,Spoil My Night,25175356,2013-2020
Kanye West,Father Stretch My Hands Pt. 1,8503618,2013-2020
Camila Cabello,Havana - Remix,8348340,2013-2020
Elle King,Ex's & Oh's,3845103,2013-2020
Elvis Presley,Blue Christmas,11774400,2013-2020
Yandel,Explícale,5125876,2013-2020
Post Malone,Stay,23585361,2013-2020
James Arthur,Naked,6399541,2013-2020
XXXTENTACION,whoa (mind in awe),18505893,2013-2020
Ed Sheeran,Tenerife Sea,3235261,2013-2020
Wolfine,Bella - Remix,6391246,2013-2020
Ant Saunders,Yellow Hearts,9630162,2013-2020
Young Thug,Hot,9768494,2013-2020
Kris Kross Amsterdam,Whenever,10007070,2013-2020
The Chainsmokers,Somebody,7978667,2013-2020
Ozuna,Baila Baila Baila - Remix,7841458,2013-2020
Ozuna,Tu Foto,6267272,2013-2020
Ed Sheeran,Antisocial,25282995,2013-2020
blackbear,do re mi,6560095,2013-2020
Kiesza,Hideaway,3944528,2013-2020
Nat King Cole,The Christmas Song (Merry Christmas To You),16246584,2013-2020
Ed Sheeran,What Do I Know?,20428343,2013-2020
Calboy,Envy Me,6725641,2013-2020
Luke Christopher,Lot to Learn,6341248,2013-2020
Beyoncé,Drunk in Love,4070089,2013-2020
Drake,Know Yourself,4613145,2013-2020
Don Omar,Te Quiero Pa´Mi,3962918,2013-2020
Billie Eilish,xanny,20257146,2013-2020
Kungs,This Girl (Kungs Vs. Cookin' On 3 Burners) - Kungs Vs. Cookin' On 3 Burners,4421273,2013-2020
Jeremih,oui,4380356,2013-2020
Bad Bunny,NI BIEN NI MAL,8693828,2013-2020
Myke Towers,Si Se Da - Remix,7608980,2013-2020
Eminem,Venom - Music From The Motion Picture,13202544,2013-2020
Fifth Harmony,Down,8522249,2013-2020
Lil Baby,"Never Recover (Lil Baby & Gunna, Drake)",12999466,2013-2020
The Lumineers,Ophelia,3705255,2013-2020
Miley Cyrus,Mother's Daughter,14567926,2013-2020
Daddy Yankee,Shaky Shaky,4397105,2013-2020
Niall Horan,Nice To Meet Ya,8851964,2013-2020
Gente De Zona,La Gozadera,2541185,2013-2020
NLE Choppa,Camelot,9579243,2013-2020
Matoma,Running Out,3885945,2013-2020
Drake,Mob Ties,25933856,2013-2020
Ayo & Teo,Rolex,5150802,2013-2020
J. Cole,KOD,25826342,2013-2020
Future,Fine China,14436312,2013-2020
2 Chainz,It's A Vibe,4998859,2013-2020
King Princess,1950,8088141,2013-2020
Paul McCartney,Wonderful Christmastime [Edited Version] - Remastered 2011 / Edited Version,18378455,2013-2020
The Script,Superheroes,5843081,2013-2020
Ozuna,El Farsante,4972480,2013-2020
DNCE,Toothbrush,6096845,2013-2020
Ozuna,Dile Que Tu Me Quieres,4792536,2013-2020
Avicii,Heaven,18246581,2013-2020
DJ Snake,A Different Way,7201200,2013-2020
Burl Ives,A Holly Jolly Christmas - Single Version,13793327,2013-2020
Lady Gaga,Million Reasons,5446634,2013-2020
Young Thug,Hot (Remix),11338485,2013-2020
Kygo,Raging,7300654,2013-2020
A Boogie Wit da Hoodie,Startender,8247911,2013-2020
PARTYNEXTDOOR,Come and See Me,3214687,2013-2020
Eminem,The Ringer,30918553,2013-2020
Kevin Gates,2 Phones,4800818,2013-2020
Julia Michaels,Heaven,11159967,2013-2020
Rich The Kid,Splashin,6875259,2013-2020
J Balvin,Machika,7958019,2013-2020
Ozuna,Ibiza,6097459,2013-2020
Lil Skies,Nowadays,6232846,2013-2020
Lauv,Mean It,12015729,2013-2020
Demi Lovato,Body Say,5510873,2013-2020
Halsey,New Americana,3499359,2013-2020
Macklemore,Good Old Days,7544458,2013-2020
Sam Smith,Like I Can,5174180,2013-2020
Chris Rea,Driving Home for Christmas,16575452,2013-2020
Tyga,SWISH,8459417,2013-2020
Lil Uzi Vert,Futsal Shuffle 2020,20451202,2013-2020
Pitbull,Fireball,4503000,2013-2020
Robin Thicke,Blurred Lines,3382254,2013-2020
Alan Walker,Sing Me to Sleep,5375539,2013-2020
Metro Boomin,Space Cadet,8046707,2013-2020
Kygo,Here for You,5212658,2013-2020
Kanye West,Follow God,31273064,2013-2020
6ix9ine,MALA,8277285,2013-2020
Taylor Swift,ME!,37826059,2013-2020
Noah Cyrus,Make Me (Cry),6663105,2013-2020
Lil Pump,Esskeetit,9987084,2013-2020
Brytiago,Asesina - Remix,5750675,2013-2020
Lil Uzi Vert,You Was Right,3906269,2013-2020
Ed Sheeran,New Man,21746337,2013-2020
Imany,Don't Be So Shy - Filatov & Karas Remix,4818973,2013-2020
Anuel Aa,Hipócrita,5406598,2013-2020
Sebastian Yatra,Alguien Robo,4006711,2013-2020
